"expiry","strike","option_type","price","bid","ask"
"2026-08-14","5000","call","2469.45","2465.5","2473.4"
"2026-08-14","6000","call","1470.85","1467","1474.7"
"2026-08-14","6400","call","1073.15","1069.3","1077"
"2026-08-14","6600","call","873.6","869.7","877.5"
"2026-08-14","6650","call","823.7","819.9","827.5"
"2026-08-14","6700","call","774","770.1","777.9"
"2026-08-14","6750","call","725.3","721.4","729.2"
"2026-08-14","6800","call","675.5","671.6","679.4"
"2026-08-14","6850","call","626.55","622.6","630.5"
"2026-08-14","6875","call","602.25","598.4","606.1"
"2026-08-14","6900","call","577.65","573.8","581.5"
"2026-08-14","6950","call","528.3","524.4","532.2"
"2026-08-14","6970","call","509.45","505.6","513.3"
"2026-08-14","6975","call","503.95000000000005","500.1","507.8"
"2026-08-14","6990","call","489.85","486","493.7"
"2026-08-14","7000","call","479.54999999999995","475.7","483.4"
"2026-08-14","7010","call","470.20000000000005","466.3","474.1"
"2026-08-14","7025","call","456.04999999999995","452.2","459.9"
"2026-08-14","7050","call","431.79999999999995","427.9","435.7"
"2026-08-14","7060","call","422.1","418.2","426"
"2026-08-14","7070","call","412.6","408.7","416.5"
"2026-08-14","7075","call","382.79999999999995","379.2","386.4"
"2026-08-14","7090","call","394.45000000000005","390.6","398.3"
"2026-08-14","7100","call","384.35","380.5","388.2"
"2026-08-14","7120","call","365.25","361.8","368.7"
"2026-08-14","7125","call","361","357.3","364.7"
"2026-08-14","7130","call","356.20000000000005","352.8","359.6"
"2026-08-14","7140","call","347.5","344","351"
"2026-08-14","7150","call","338.25","334.8","341.7"
"2026-08-14","7160","call","328.8","325.1","332.5"
"2026-08-14","7170","call","320.1","316.4","323.8"
"2026-08-14","7175","call","314.75","311.1","318.4"
"2026-08-14","7190","call","300.85","297.4","304.3"
"2026-08-14","7200","call","292.5","289","296"
"2026-08-14","7225","call","270.25","266.9","273.6"
"2026-08-14","7230","call","264.95","261.7","268.2"
"2026-08-14","7240","call","257","253.7","260.3"
"2026-08-14","7250","call","247.8","244.1","251.5"
"2026-08-14","7260","call","239.25","235.7","242.8"
"2026-08-14","7270","call","230.14999999999998","227.1","233.2"
"2026-08-14","7275","call","226.35000000000002","222.8","229.9"
"2026-08-14","7280","call","221.6","218.5","224.7"
"2026-08-14","7290","call","213.5","210.1","216.9"
"2026-08-14","7295","call","209.75","206.6","212.9"
"2026-08-14","7300","call","205.25","201.8","208.7"
"2026-08-14","7305","call","201.35000000000002","198.9","203.8"
"2026-08-14","7310","call","197.15","196.3","198"
"2026-08-14","7315","call","193","190.6","195.4"
"2026-08-14","7320","call","188.8","186.4","191.2"
"2026-08-14","7325","call","184.9","182.5","187.3"
"2026-08-14","7330","call","180.65","178.3","183"
"2026-08-14","7335","call","176.8","174.4","179.2"
"2026-08-14","7340","call","172.55","170.2","174.9"
"2026-08-14","7345","call","168.8","166.4","171.2"
"2026-08-14","7350","call","164.6","162.2","167"
"2026-08-14","7355","call","160.7","158.3","163.1"
"2026-08-14","7360","call","157.1","154.7","159.5"
"2026-08-14","7365","call","153.3","153","153.6"
"2026-08-14","7370","call","149.35","149","149.7"
"2026-08-14","7375","call","145.5","145.2","145.8"
"2026-08-14","7380","call","141.85","141.6","142.1"
"2026-08-14","7385","call","138.05","137.8","138.3"
"2026-08-14","7390","call","134.5","134.2","134.8"
"2026-08-14","7395","call","130.65","130.4","130.9"
"2026-08-14","7400","call","127.05","126.8","127.3"
"2026-08-14","7405","call","123.4","123.1","123.7"
"2026-08-14","7410","call","119.85","119.6","120.1"
"2026-08-14","7415","call","116.3","116","116.6"
"2026-08-14","7420","call","113.19999999999999","112.8","113.6"
"2026-08-14","7425","call","109.4","109","109.8"
"2026-08-14","7430","call","105.95","105.7","106.2"
"2026-08-14","7435","call","102.55","102.3","102.8"
"2026-08-14","7440","call","99.2","98.9","99.5"
"2026-08-14","7445","call","95.6","95.3","95.9"
"2026-08-14","7450","call","92.8","92.5","93.1"
"2026-08-14","7455","call","89.5","89.2","89.8"
"2026-08-14","7460","call","86.3","86","86.6"
"2026-08-14","7465","call","83.2","82.9","83.5"
"2026-08-14","7470","call","80.19999999999999","79.8","80.6"
"2026-08-14","7475","call","77.1","76.8","77.4"
"2026-08-14","7480","call","74.15","73.9","74.4"
"2026-08-14","7485","call","71.15","70.9","71.4"
"2026-08-14","7490","call","68.4","68.1","68.7"
"2026-08-14","7495","call","65.7","65.4","66"
"2026-08-14","7500","call","62.85","62.6","63.1"
"2026-08-14","7505","call","60.3","60","60.6"
"2026-08-14","7510","call","57.55","57.3","57.8"
"2026-08-14","7515","call","55.099999999999994","54.8","55.4"
"2026-08-14","7520","call","52.55","52.3","52.8"
"2026-08-14","7525","call","50.099999999999994","49.8","50.4"
"2026-08-14","7530","call","47.55","47.3","47.8"
"2026-08-14","7535","call","45.35","45.1","45.6"
"2026-08-14","7540","call","43.15","42.9","43.4"
"2026-08-14","7545","call","40.85","40.6","41.1"
"2026-08-14","7550","call","38.95","38.7","39.2"
"2026-08-14","7555","call","36.65","36.4","36.9"
"2026-08-14","7560","call","34.75","34.5","35"
"2026-08-14","7565","call","32.85","32.6","33.1"
"2026-08-14","7570","call","31.15","30.9","31.4"
"2026-08-14","7575","call","29.3","29.1","29.5"
"2026-08-14","7580","call","27.55","27.3","27.8"
"2026-08-14","7585","call","25.9","25.7","26.1"
"2026-08-14","7590","call","24.3","24.1","24.5"
"2026-08-14","7595","call","22.85","22.6","23.1"
"2026-08-14","7600","call","21.5","21.3","21.7"
"2026-08-14","7605","call","20.1","19.9","20.3"
"2026-08-14","7610","call","18.75","18.5","19"
"2026-08-14","7615","call","17.6","17.4","17.8"
"2026-08-14","7620","call","16.35","16.1","16.6"
"2026-08-14","7625","call","15.3","15.1","15.5"
"2026-08-14","7630","call","14.2","14","14.4"
"2026-08-14","7635","call","13.2","13","13.4"
"2026-08-14","7640","call","12.3","12.1","12.5"
"2026-08-14","7645","call","11.3","11.1","11.5"
"2026-08-14","7650","call","10.5","10.4","10.6"
"2026-08-14","7660","call","8.899999999999999","8.7","9.1"
"2026-08-14","7670","call","7.7","7.5","7.9"
"2026-08-14","7675","call","7.050000000000001","6.9","7.2"
"2026-08-14","7680","call","6.5","6.3","6.7"
"2026-08-14","7690","call","5.449999999999999","5.3","5.6"
"2026-08-14","7700","call","4.65","4.5","4.8"
"2026-08-14","7710","call","3.9","3.8","4"
"2026-08-14","7720","call","3.3","3.2","3.4"
"2026-08-14","7725","call","3.075","2.95","3.2"
"2026-08-14","7730","call","2.8","2.7","2.9"
"2026-08-14","7740","call","2.4","2.3","2.5"
"2026-08-14","7750","call","2.075","2","2.15"
"2026-08-14","7760","call","1.775","1.7","1.85"
"2026-08-14","7770","call","1.525","1.45","1.6"
"2026-08-14","7775","call","1.4","1.3","1.5"
"2026-08-14","7780","call","1.325","1.25","1.4"
"2026-08-14","7790","call","1.125","1.05","1.2"
"2026-08-14","7800","call","1.025","0.95","1.1"
"2026-08-14","7810","call","0.9","0.8","1"
"2026-08-14","7820","call","0.825","0.75","0.9"
"2026-08-14","7825","call","0.7749999999999999","0.7","0.85"
"2026-08-14","7830","call","0.7250000000000001","0.65","0.8"
"2026-08-14","7840","call","0.675","0.6","0.75"
"2026-08-14","7850","call","0.625","0.55","0.7"
"2026-08-14","7860","call","0.575","0.5","0.65"
"2026-08-14","7870","call","0.525","0.45","0.6"
"2026-08-14","7875","call","0.5","0.45","0.55"
"2026-08-14","7880","call","0.5","0.45","0.55"
"2026-08-14","7900","call","0.45","0.4","0.5"
"2026-08-14","7925","call","0.4","0.35","0.45"
"2026-08-14","7950","call","0.325","0.25","0.4"
"2026-08-14","7975","call","0.3","0.25","0.35"
"2026-08-14","8000","call","0.25","0.2","0.3"
"2026-08-14","8025","call","0.25","0.2","0.3"
"2026-08-14","8075","call","0.2","0.15","0.25"
"2026-08-14","5200","put","0.2","0.15","0.25"
"2026-08-14","5400","put","0.25","0.2","0.3"
"2026-08-14","5600","put","0.375","0.3","0.45"
"2026-08-14","5700","put","0.425","0.35","0.5"
"2026-08-14","5800","put","0.525","0.45","0.6"
"2026-08-14","5900","put","0.625","0.55","0.7"
"2026-08-14","5950","put","0.675","0.6","0.75"
"2026-08-14","6000","put","0.7250000000000001","0.65","0.8"
"2026-08-14","6050","put","0.8","0.75","0.85"
"2026-08-14","6100","put","0.875","0.8","0.95"
"2026-08-14","6150","put","0.925","0.85","1"
"2026-08-14","6200","put","1.025","0.95","1.1"
"2026-08-14","6250","put","1.125","1.05","1.2"
"2026-08-14","6275","put","1.175","1.1","1.25"
"2026-08-14","6300","put","1.225","1.15","1.3"
"2026-08-14","6325","put","1.275","1.2","1.35"
"2026-08-14","6350","put","1.325","1.25","1.4"
"2026-08-14","6375","put","1.4","1.3","1.5"
"2026-08-14","6400","put","1.475","1.4","1.55"
"2026-08-14","6425","put","1.55","1.5","1.6"
"2026-08-14","6450","put","1.625","1.55","1.7"
"2026-08-14","6475","put","1.7000000000000002","1.6","1.8"
"2026-08-14","6500","put","1.825","1.75","1.9"
"2026-08-14","6525","put","1.9","1.8","2"
"2026-08-14","6550","put","2","1.9","2.1"
"2026-08-14","6575","put","2.125","2.05","2.2"
"2026-08-14","6600","put","2.25","2.2","2.3"
"2026-08-14","6625","put","2.35","2.25","2.45"
"2026-08-14","6650","put","2.5250000000000004","2.45","2.6"
"2026-08-14","6675","put","2.675","2.6","2.75"
"2026-08-14","6700","put","2.85","2.75","2.95"
"2026-08-14","6725","put","3.075","2.95","3.2"
"2026-08-14","6750","put","3.3","3.2","3.4"
"2026-08-14","6775","put","3.55","3.4","3.7"
"2026-08-14","6800","put","3.8","3.7","3.9"
"2026-08-14","6820","put","4","3.9","4.1"
"2026-08-14","6825","put","4.05","3.9","4.2"
"2026-08-14","6830","put","4.15","4","4.3"
"2026-08-14","6840","put","4.25","4.1","4.4"
"2026-08-14","6850","put","4.4","4.3","4.5"
"2026-08-14","6860","put","4.550000000000001","4.4","4.7"
"2026-08-14","6870","put","4.75","4.6","4.9"
"2026-08-14","6875","put","4.85","4.7","5"
"2026-08-14","6880","put","4.949999999999999","4.8","5.1"
"2026-08-14","6890","put","5.050000000000001","4.9","5.2"
"2026-08-14","6900","put","5.300000000000001","5.2","5.4"
"2026-08-14","6910","put","5.5","5.4","5.6"
"2026-08-14","6920","put","5.699999999999999","5.6","5.8"
"2026-08-14","6925","put","5.800000000000001","5.7","5.9"
"2026-08-14","6930","put","5.949999999999999","5.8","6.1"
"2026-08-14","6940","put","6.050000000000001","5.9","6.2"
"2026-08-14","6950","put","6.25","6.1","6.4"
"2026-08-14","6960","put","6.550000000000001","6.4","6.7"
"2026-08-14","6970","put","6.85","6.7","7"
"2026-08-14","6975","put","7","6.8","7.2"
"2026-08-14","6980","put","7.2","7","7.4"
"2026-08-14","6990","put","7.449999999999999","7.3","7.6"
"2026-08-14","7000","put","7.800000000000001","7.7","7.9"
"2026-08-14","7010","put","8.100000000000001","7.9","8.3"
"2026-08-14","7020","put","8.45","8.3","8.6"
"2026-08-14","7025","put","8.7","8.6","8.8"
"2026-08-14","7030","put","8.85","8.7","9"
"2026-08-14","7040","put","9.25","9.1","9.4"
"2026-08-14","7050","put","9.65","9.5","9.8"
"2026-08-14","7060","put","10.2","10","10.4"
"2026-08-14","7070","put","10.600000000000001","10.4","10.8"
"2026-08-14","7075","put","10.85","10.7","11"
"2026-08-14","7080","put","11.100000000000001","10.9","11.3"
"2026-08-14","7090","put","11.7","11.5","11.9"
"2026-08-14","7100","put","12.2","12.1","12.3"
"2026-08-14","7110","put","12.8","12.6","13"
"2026-08-14","7120","put","13.45","13.3","13.6"
"2026-08-14","7125","put","13.85","13.7","14"
"2026-08-14","7130","put","14.05","13.9","14.2"
"2026-08-14","7140","put","14.7","14.5","14.9"
"2026-08-14","7150","put","15.5","15.3","15.7"
"2026-08-14","7160","put","16.3","16.1","16.5"
"2026-08-14","7170","put","17.1","16.9","17.3"
"2026-08-14","7175","put","17.6","17.4","17.8"
"2026-08-14","7180","put","17.9","17.7","18.1"
"2026-08-14","7190","put","18.8","18.6","19"
"2026-08-14","7200","put","19.75","19.6","19.9"
"2026-08-14","7210","put","20.75","20.5","21"
"2026-08-14","7220","put","21.85","21.6","22.1"
"2026-08-14","7225","put","22.35","22.2","22.5"
"2026-08-14","7230","put","22.95","22.7","23.2"
"2026-08-14","7240","put","24.1","23.9","24.3"
"2026-08-14","7250","put","25.3","25.1","25.5"
"2026-08-14","7255","put","25.95","25.7","26.2"
"2026-08-14","7260","put","26.7","26.5","26.9"
"2026-08-14","7265","put","27.3","27.1","27.5"
"2026-08-14","7270","put","28.05","27.8","28.3"
"2026-08-14","7275","put","28.85","28.6","29.1"
"2026-08-14","7280","put","29.45","29.2","29.7"
"2026-08-14","7285","put","30.2","30","30.4"
"2026-08-14","7290","put","31.05","30.8","31.3"
"2026-08-14","7295","put","31.85","31.6","32.1"
"2026-08-14","7300","put","32.599999999999994","32.4","32.8"
"2026-08-14","7305","put","33.55","33.3","33.8"
"2026-08-14","7310","put","34.25","34","34.5"
"2026-08-14","7315","put","35.15","34.9","35.4"
"2026-08-14","7320","put","36.05","35.8","36.3"
"2026-08-14","7325","put","37","36.8","37.2"
"2026-08-14","7330","put","37.85","37.6","38.1"
"2026-08-14","7335","put","38.900000000000006","38.7","39.1"
"2026-08-14","7340","put","39.85","39.6","40.1"
"2026-08-14","7345","put","40.85","40.6","41.1"
"2026-08-14","7350","put","42","41.8","42.2"
"2026-08-14","7355","put","43.05","42.8","43.3"
"2026-08-14","7360","put","44.15","43.9","44.4"
"2026-08-14","7365","put","45.35","45.1","45.6"
"2026-08-14","7370","put","46.5","46.2","46.8"
"2026-08-14","7375","put","47.55","47.3","47.8"
"2026-08-14","7380","put","48.85","48.6","49.1"
"2026-08-14","7385","put","50.25","50","50.5"
"2026-08-14","7390","put","51.35","51.1","51.6"
"2026-08-14","7395","put","52.85","52.6","53.1"
"2026-08-14","7400","put","54","53.8","54.2"
"2026-08-14","7405","put","55.55","55.3","55.8"
"2026-08-14","7410","put","56.8","56.5","57.1"
"2026-08-14","7415","put","58.25","58","58.5"
"2026-08-14","7420","put","59.75","59.5","60"
"2026-08-14","7425","put","61.2","60.9","61.5"
"2026-08-14","7430","put","62.85","62.6","63.1"
"2026-08-14","7435","put","64.45","64.2","64.7"
"2026-08-14","7440","put","66.3","66","66.6"
"2026-08-14","7445","put","67.75","67.5","68"
"2026-08-14","7450","put","69.5","69.2","69.8"
"2026-08-14","7455","put","71.3","71","71.6"
"2026-08-14","7460","put","73.15","72.9","73.4"
"2026-08-14","7465","put","75.05","74.8","75.3"
"2026-08-14","7470","put","76.9","76.6","77.2"
"2026-08-14","7475","put","79","78.7","79.3"
"2026-08-14","7480","put","81","80.7","81.3"
"2026-08-14","7485","put","83.2","82.9","83.5"
"2026-08-14","7490","put","85.2","84.9","85.5"
"2026-08-14","7495","put","87.4","87.1","87.7"
"2026-08-14","7500","put","89.75","89.5","90"
"2026-08-14","7505","put","91.9","91.6","92.2"
"2026-08-14","7510","put","94.35","94.1","94.6"
"2026-08-14","7515","put","96.95","96.7","97.2"
"2026-08-14","7520","put","99.25","98.9","99.6"
"2026-08-14","7525","put","102.1","101.8","102.4"
"2026-08-14","7530","put","104.3","104","104.6"
"2026-08-14","7535","put","107.1","106.8","107.4"
"2026-08-14","7540","put","109.9","109.6","110.2"
"2026-08-14","7545","put","113.19999999999999","112.8","113.6"
"2026-08-14","7550","put","115.65","115.3","116"
"2026-08-14","7555","put","118.5","118.2","118.8"
"2026-08-26","7250","call","273.6","270.5","276.7"
"2026-08-26","7275","call","252.9","249.9","255.9"
"2026-08-26","7350","call","193.85","193.5","194.2"
"2026-08-26","7370","call","178.9","178.5","179.3"
"2026-08-26","7375","call","175.25","174.9","175.6"
"2026-08-26","7400","call","157.35000000000002","156.9","157.8"
"2026-08-26","7410","call","150.14999999999998","149.7","150.6"
"2026-08-26","7420","call","143.25","142.9","143.6"
"2026-08-26","7425","call","139.85","139.5","140.2"
"2026-08-26","7430","call","136.55","136.2","136.9"
"2026-08-26","7440","call","129.9","129.5","130.3"
"2026-08-26","7450","call","123.35","123","123.7"
"2026-08-26","7460","call","117","116.6","117.4"
"2026-08-26","7475","call","107.75","107.4","108.1"
"2026-08-26","7480","call","104.75","104.4","105.1"
"2026-08-26","7490","call","98.55000000000001","98.2","98.9"
"2026-08-26","7500","call","93.05000000000001","92.7","93.4"
"2026-08-26","7520","call","82.05000000000001","81.7","82.4"
"2026-08-26","7525","call","79.44999999999999","79.1","79.8"
"2026-08-26","7530","call","76.85","76.5","77.2"
"2026-08-26","7540","call","71.65","71.3","72"
"2026-08-26","7550","call","67.05000000000001","66.7","67.4"
"2026-08-26","7560","call","62.15","61.8","62.5"
"2026-08-26","7570","call","57.95","57.6","58.3"
"2026-08-26","7575","call","55.8","55.5","56.1"
"2026-08-26","7600","call","45.8","45.5","46.1"
"2026-08-26","7625","call","37.05","36.7","37.4"
"2026-08-26","7650","call","29.4","29.1","29.7"
"2026-08-26","7675","call","23.4","23.1","23.7"
"2026-08-26","7700","call","18.3","18","18.6"
"2026-08-26","7725","call","14.05","13.8","14.3"
"2026-08-26","7750","call","10.95","10.7","11.2"
"2026-08-26","7775","call","8.35","8.1","8.6"
"2026-08-26","7800","call","6.45","6.2","6.7"
"2026-08-26","7825","call","4.949999999999999","4.8","5.1"
"2026-08-26","7850","call","3.9499999999999997","3.8","4.1"
"2026-08-26","7875","call","3.1","3","3.2"
"2026-08-26","7900","call","2.45","2.35","2.55"
"2026-08-26","7950","call","1.65","1.55","1.75"
"2026-08-26","8000","call","1.2000000000000002","1.1","1.3"
"2026-08-26","8100","call","0.7","0.6","0.8"
"2026-08-26","8200","call","0.5","0.4","0.6"
"2026-08-26","4800","put","0.5","0.4","0.6"
"2026-08-26","5000","put","0.65","0.55","0.75"
"2026-08-26","5200","put","0.875","0.8","0.95"
"2026-08-26","5400","put","1.175","1.1","1.25"
"2026-08-26","5600","put","1.575","1.5","1.65"
"2026-08-26","5800","put","2.1","2","2.2"
"2026-08-26","6000","put","2.775","2.65","2.9"
"2026-08-26","6100","put","3.2","3.1","3.3"
"2026-08-26","6200","put","3.7","3.6","3.8"
"2026-08-26","6300","put","4.300000000000001","4.2","4.4"
"2026-08-26","6400","put","5.1","5","5.2"
"2026-08-26","6475","put","5.75","5.6","5.9"
"2026-08-26","6500","put","6","5.8","6.2"
"2026-08-26","6600","put","7.35","7.2","7.5"
"2026-08-26","6650","put","8.05","7.9","8.2"
"2026-08-26","6675","put","8.5","8.3","8.7"
"2026-08-26","6700","put","9","8.8","9.2"
"2026-08-26","6750","put","10.100000000000001","9.9","10.3"
"2026-08-26","6775","put","10.75","10.5","11"
"2026-08-26","6800","put","11.399999999999999","11.2","11.6"
"2026-08-26","6825","put","12.15","11.9","12.4"
"2026-08-26","6875","put","13.95","13.7","14.2"
"2026-08-26","6900","put","15.05","14.8","15.3"
"2026-08-26","6925","put","16.15","15.9","16.4"
"2026-08-26","6950","put","17.35","17.1","17.6"
"2026-08-26","6975","put","18.75","18.5","19"
"2026-08-26","7000","put","20.15","19.9","20.4"
"2026-08-26","7025","put","21.85","21.6","22.1"
"2026-08-26","7050","put","23.55","23.3","23.8"
"2026-08-26","7075","put","25.5","25.2","25.8"
"2026-08-26","7100","put","27.75","27.5","28"
"2026-08-26","7125","put","30.2","29.9","30.5"
"2026-08-26","7150","put","32.8","32.5","33.1"
"2026-08-26","7175","put","35.599999999999994","35.3","35.9"
"2026-08-26","7200","put","38.8","38.5","39.1"
"2026-08-26","7225","put","42.400000000000006","42.1","42.7"
"2026-08-26","7275","put","50.5","50.2","50.8"
"2026-08-26","7290","put","53.3","53","53.6"
"2026-08-26","7300","put","55.3","55","55.6"
"2026-08-26","7310","put","57.400000000000006","57.1","57.7"
"2026-08-26","7320","put","59.5","59.2","59.8"
"2026-08-26","7325","put","60.400000000000006","60.1","60.7"
"2026-08-26","7350","put","66.15","65.8","66.5"
"2026-08-26","7360","put","68.75","68.4","69.1"
"2026-08-26","7370","put","71.15","70.8","71.5"
"2026-08-26","7375","put","72.35","72","72.7"
"2026-08-26","7380","put","73.7","73.4","74"
"2026-08-26","7390","put","76.4","76.1","76.7"
"2026-08-26","7400","put","79.25","78.9","79.6"
"2026-08-26","7410","put","82.25","81.9","82.6"
"2026-08-26","7420","put","85.25","84.9","85.6"
"2026-08-26","7425","put","86.85","86.5","87.2"
"2026-08-26","7430","put","88.55000000000001","88.2","88.9"
"2026-08-26","7440","put","91.94999999999999","91.6","92.3"
"2026-08-26","7450","put","95.5","95.1","95.9"
"2026-08-26","7475","put","104.69999999999999","104.3","105.1"
"2026-08-26","7490","put","110.69999999999999","110.3","111.1"
"2026-08-26","7500","put","114.80000000000001","114.4","115.2"
"2026-08-26","7510","put","119.19999999999999","118.8","119.6"
"2026-08-26","7525","put","126.19999999999999","125.8","126.6"
"2026-08-26","7530","put","128.65","128.3","129"
"2026-08-26","7550","put","138.75","138.4","139.1"
"2026-08-26","7560","put","144.05","143.7","144.4"
"2026-08-26","7570","put","149.55","149.1","150"
"2026-08-26","7575","put","152.25","151.9","152.6"
"2026-09-11","6975","call","548.75","545.4","552.1"
"2026-09-11","7000","call","526.7","523","530.4"
"2026-09-11","7100","call","438.35","435.1","441.6"
"2026-09-11","7150","call","394.35","391.3","397.4"
"2026-09-11","7175","call","373.35","370.2","376.5"
"2026-09-11","7200","call","352.9","349.9","355.9"
"2026-09-11","7300","call","272.79999999999995","272.4","273.2"
"2026-09-11","7350","call","234.8","234.4","235.2"
"2026-09-11","7400","call","198.95","198.6","199.3"
"2026-09-11","7410","call","191.95","191.6","192.3"
"2026-09-11","7420","call","185.2","184.8","185.6"
"2026-09-11","7425","call","181.7","181.3","182.1"
"2026-09-11","7440","call","171.9","171.5","172.3"
"2026-09-11","7450","call","165.25","164.9","165.6"
"2026-09-11","7460","call","158.9","158.5","159.3"
"2026-09-11","7470","call","152.65","152.3","153"
"2026-09-11","7475","call","149.55","149.1","150"
"2026-09-11","7480","call","146.3","145.8","146.8"
"2026-09-11","7490","call","140.45","140.1","140.8"
"2026-09-11","7500","call","134.4","134","134.8"
"2026-09-11","7520","call","122.9","122.5","123.3"
"2026-09-11","7525","call","120.15","119.7","120.6"
"2026-09-11","7530","call","117.35","117","117.7"
"2026-09-11","7540","call","111.94999999999999","111.6","112.3"
"2026-09-11","7550","call","106.65","106.3","107"
"2026-09-11","7560","call","101.55000000000001","101.2","101.9"
"2026-09-11","7570","call","96.6","96.2","97"
"2026-09-11","7575","call","93.94999999999999","93.6","94.3"
"2026-09-11","7580","call","91.69999999999999","91.3","92.1"
"2026-09-11","7600","call","82.5","82.1","82.9"
"2026-09-11","7625","call","71.75","71.4","72.1"
"2026-09-11","7650","call","62.05","61.7","62.4"
"2026-09-11","7675","call","53.099999999999994","52.8","53.4"
"2026-09-11","7700","call","45.400000000000006","45.1","45.7"
"2026-09-11","7725","call","38.599999999999994","38.3","38.9"
"2026-09-11","7750","call","32.45","32.2","32.7"
"2026-09-11","7775","call","27.25","27","27.5"
"2026-09-11","7800","call","22.75","22.5","23"
"2026-09-11","7850","call","15.8","15.6","16"
"2026-09-11","7900","call","11","10.8","11.2"
"2026-09-11","7950","call","7.7","7.5","7.9"
"2026-09-11","8000","call","5.449999999999999","5.3","5.6"
"2026-09-11","8050","call","3.9499999999999997","3.8","4.1"
"2026-09-11","8100","call","2.975","2.85","3.1"
"2026-09-11","8150","call","2.25","2.15","2.35"
"2026-09-11","8200","call","1.75","1.65","1.85"
"2026-09-11","8250","call","1.4","1.3","1.5"
"2026-09-11","8300","call","1.15","1.05","1.25"
"2026-09-11","3600","put","0.375","0.3","0.45"
"2026-09-11","3800","put","0.425","0.35","0.5"
"2026-09-11","4200","put","0.675","0.6","0.75"
"2026-09-11","4400","put","0.925","0.85","1"
"2026-09-11","4600","put","1.225","1.15","1.3"
"2026-09-11","4800","put","1.6","1.5","1.7"
"2026-09-11","5000","put","2.075","2","2.15"
"2026-09-11","5200","put","2.65","2.55","2.75"
"2026-09-11","5400","put","3.4","3.3","3.5"
"2026-09-11","5600","put","4.35","4.2","4.5"
"2026-09-11","5700","put","4.85","4.7","5"
"2026-09-11","5800","put","5.5","5.4","5.6"
"2026-09-11","5900","put","6.25","6.1","6.4"
"2026-09-11","6000","put","7.1","7","7.2"
"2026-09-11","6050","put","7.6","7.4","7.8"
"2026-09-11","6100","put","8.15","8","8.3"
"2026-09-11","6150","put","8.7","8.5","8.9"
"2026-09-11","6200","put","9.3","9.1","9.5"
"2026-09-11","6250","put","10","9.8","10.2"
"2026-09-11","6300","put","10.75","10.6","10.9"
"2026-09-11","6350","put","11.600000000000001","11.4","11.8"
"2026-09-11","6400","put","12.45","12.3","12.6"
"2026-09-11","6450","put","13.55","13.4","13.7"
"2026-09-11","6500","put","14.65","14.5","14.8"
"2026-09-11","6550","put","15.950000000000001","15.8","16.1"
"2026-09-11","6600","put","17.450000000000003","17.3","17.6"
"2026-09-11","6650","put","19.2","19","19.4"
"2026-09-11","6700","put","21","20.8","21.2"
"2026-09-11","6750","put","23.2","23","23.4"
"2026-09-11","6800","put","25.7","25.5","25.9"
"2026-09-11","6850","put","28.55","28.3","28.8"
"2026-09-11","6900","put","31.85","31.6","32.1"
"2026-09-11","6925","put","33.65","33.4","33.9"
"2026-09-11","6950","put","35.599999999999994","35.4","35.8"
"2026-09-11","6975","put","37.65","37.4","37.9"
"2026-09-11","7000","put","40.15","39.9","40.4"
"2026-09-11","7025","put","42.45","42.2","42.7"
"2026-09-11","7050","put","44.95","44.7","45.2"
"2026-09-11","7075","put","47.8","47.5","48.1"
"2026-09-11","7100","put","50.8","50.5","51.1"
"2026-09-11","7125","put","54","53.7","54.3"
"2026-09-11","7150","put","57.55","57.3","57.8"
"2026-09-11","7175","put","61.35","61.1","61.6"
"2026-09-11","7200","put","65.1","64.8","65.4"
"2026-09-11","7225","put","69.6","69.3","69.9"
"2026-09-11","7250","put","74.15","73.9","74.4"
"2026-09-11","7300","put","84.4","84.1","84.7"
"2026-09-11","7325","put","90.35","90","90.7"
"2026-09-11","7350","put","96.30000000000001","95.9","96.7"
"2026-09-11","7360","put","98.94999999999999","98.6","99.3"
"2026-09-11","7370","put","101.6","101.2","102"
"2026-09-11","7375","put","102.94999999999999","102.6","103.3"
"2026-09-11","7380","put","104.44999999999999","104.1","104.8"
"2026-09-11","7390","put","107.15","106.8","107.5"
"2026-09-11","7400","put","110.19999999999999","109.8","110.6"
"2026-09-11","7410","put","113.25","112.9","113.6"
"2026-09-11","7420","put","116.25","115.9","116.6"
"2026-09-11","7425","put","117.85","117.5","118.2"
"2026-09-11","7430","put","119.6","119.2","120"
"2026-09-11","7440","put","122.80000000000001","122.4","123.2"
"2026-09-11","7450","put","126.35","126","126.7"
"2026-09-11","7460","put","129.8","129.4","130.2"
"2026-09-11","7470","put","133.45","133.1","133.8"
"2026-09-11","7475","put","135.4","135","135.8"
"2026-09-11","7480","put","137.35","137","137.7"
"2026-09-11","7490","put","141.2","140.8","141.6"
"2026-09-11","7500","put","145.2","144.8","145.6"
"2026-09-11","7510","put","149.3","148.9","149.7"
"2026-09-11","7520","put","153.7","153.3","154.1"
"2026-09-11","7525","put","155.85","155.5","156.2"
"2026-09-11","7540","put","162.45","162","162.9"
"2026-09-11","7550","put","167.3","166.9","167.7"
"2026-09-11","7560","put","172.05","171.7","172.4"
"2026-09-11","7570","put","176.9","176.5","177.3"
"2026-09-11","7575","put","179.6","179.2","180"
"2026-09-11","7600","put","192.85","192.5","193.2"
"2026-09-11","7625","put","206.85000000000002","204.4","209.3"
"2026-09-11","7650","put","222.14999999999998","221.7","222.6"
"2026-09-30","2600","call","4867.450000000001","4861.6","4873.3"
"2026-09-30","3000","call","4470.1","4464.3","4475.9"
"2026-09-30","3200","call","4272.35","4266.6","4278.1"
"2026-09-30","4000","call","3478.8","3473","3484.6"
"2026-09-30","4200","call","3280.45","3274.7","3286.2"
"2026-09-30","4500","call","2951.8","2946.8","2956.8"
"2026-09-30","4700","call","2826.1000000000004","2814.8","2837.4"
"2026-09-30","5000","call","2488.7","2482.9","2494.5"
"2026-09-30","5100","call","2505.7","2493.7","2517.7"
"2026-09-30","5200","call","2290.3999999999996","2284.6","2296.2"
"2026-09-30","5300","call","2192.3","2186.5","2198.1"
"2026-09-30","5350","call","2126.55","2122","2131.1"
"2026-09-30","5375","call","2162.75","2151.5","2174"
"2026-09-30","5425","call","2068.45","2062.6","2074.3"
"2026-09-30","5500","call","1995.5","1989.7","2001.3"
"2026-09-30","5550","call","1946.3","1940.5","1952.1"
"2026-09-30","5575","call","1921.4","1915.6","1927.2"
"2026-09-30","5600","call","1896.8","1891","1902.6"
"2026-09-30","5650","call","1813.3","1801.3","1825.3"
"2026-09-30","5700","call","1766.1","1754.1","1778.1"
"2026-09-30","5725","call","1772.85","1767","1778.7"
"2026-09-30","5800","call","1700.1","1694.4","1705.8"
"2026-09-30","5825","call","1675.7","1669.9","1681.5"
"2026-09-30","5830","call","1670.8","1665","1676.6"
"2026-09-30","5890","call","1611.4","1605.6","1617.2"
"2026-09-30","5900","call","1602.05","1596.3","1607.8"
"2026-09-30","5910","call","1592.4","1586.6","1598.2"
"2026-09-30","5960","call","1542.55","1536.8","1548.3"
"2026-09-30","5975","call","1494.05","1488.3","1499.8"
"2026-09-30","5980","call","1544.15","1538.4","1549.9"
"2026-09-30","5990","call","1514.2","1508.4","1520"
"2026-09-30","6000","call","1503.8","1498","1509.6"
"2026-09-30","6020","call","1484.9","1479.1","1490.7"
"2026-09-30","6025","call","1477.8000000000002","1473.9","1481.7"
"2026-09-30","6040","call","1465.25","1459.5","1471"
"2026-09-30","6050","call","1455.55","1449.8","1461.3"
"2026-09-30","6090","call","1439.45","1429.9","1449"
"2026-09-30","6100","call","1407.1","1401.3","1412.9"
"2026-09-30","6110","call","1385.1","1373.1","1397.1"
"2026-09-30","6150","call","1357.4499999999998","1351.6","1363.3"
"2026-09-30","6160","call","1339.4","1327.4","1351.4"
"2026-09-30","6200","call","1314.2","1310.5","1317.9"
"2026-09-30","6225","call","1285.25","1279.5","1291"
"2026-09-30","6250","call","1257.8","1245.8","1269.8"
"2026-09-30","6260","call","1248.8","1236.8","1260.8"
"2026-09-30","6275","call","1235.3","1223.3","1247.3"
"2026-09-30","6290","call","1221.8","1209.8","1233.8"
"2026-09-30","6300","call","1212.65","1206.9","1218.4"
"2026-09-30","6315","call","1199.3","1187.3","1211.3"
"2026-09-30","6325","call","1198.8000000000002","1195.2","1202.4"
"2026-09-30","6330","call","1194.1999999999998","1190.6","1197.8"
"2026-09-30","6335","call","1181.4","1169.4","1193.4"
"2026-09-30","6345","call","1169","1163.4","1174.6"
"2026-09-30","6350","call","1164.2","1158.4","1170"
"2026-09-30","6365","call","1154.6","1142.6","1166.6"
"2026-09-30","6370","call","1145.05","1139.3","1150.8"
"2026-09-30","6385","call","1136.8","1124.8","1148.8"
"2026-09-30","6390","call","1125.8","1120","1131.6"
"2026-09-30","6395","call","1134.8","1131.3","1138.3"
"2026-09-30","6400","call","1115.75","1110","1121.5"
"2026-09-30","6405","call","1141.2","1137.7","1144.7"
"2026-09-30","6410","call","1106.7","1100.9","1112.5"
"2026-09-30","6415","call","1101.9","1096.1","1107.7"
"2026-09-30","6420","call","1105.7","1093.7","1117.7"
"2026-09-30","6435","call","1092.5","1080.5","1104.5"
"2026-09-30","6440","call","1132.35","1121.2","1143.5"
"2026-09-30","6445","call","1083.6","1071.6","1095.6"
"2026-09-30","6450","call","1204.6999999999998","1201.1","1208.3"
"2026-09-30","6455","call","1074.8","1062.8","1086.8"
"2026-09-30","6460","call","1113.5","1102.3","1124.7"
"2026-09-30","6465","call","1053.85","1048.1","1059.6"
"2026-09-30","6480","call","1052.8","1040.8","1064.8"
"2026-09-30","6490","call","1065.15","1061.5","1068.8"
"2026-09-30","6500","call","989.8499999999999","986.3","993.4"
"2026-09-30","6505","call","1030.9","1018.9","1042.9"
"2026-09-30","6510","call","1026.5","1014.5","1038.5"
"2026-09-30","6515","call","1043.4","1040","1046.8"
"2026-09-30","6520","call","1039.7","1036.5","1042.9"
"2026-09-30","6525","call","1017.3499999999999","1013.9","1020.8"
"2026-09-30","6530","call","1009","997","1021"
"2026-09-30","6540","call","1021.3499999999999","1018.1","1024.6"
"2026-09-30","6545","call","1017.45","1014","1020.9"
"2026-09-30","6550","call","942.8","938.9","946.7"
"2026-09-30","6565","call","978.6","966.6","990.6"
"2026-09-30","6570","call","994.75","991.2","998.3"
"2026-09-30","6575","call","971.75","966","977.5"
"2026-09-30","6580","call","1064.4","1052.4","1076.4"
"2026-09-30","6585","call","996.3","985.1","1007.5"
"2026-09-30","6590","call","977.5999999999999","974.4","980.8"
"2026-09-30","6595","call","973.8499999999999","970.4","977.3"
"2026-09-30","6600","call","924.9000000000001","919.1","930.7"
"2026-09-30","6610","call","939.6","927.6","951.6"
"2026-09-30","6615","call","911.45","905.7","917.2"
"2026-09-30","6620","call","906.15","900.4","911.9"
"2026-09-30","6625","call","901.95","896.2","907.7"
"2026-09-30","6630","call","1017.2","1005.2","1029.2"
"2026-09-30","6635","call","918.1","906.1","930.1"
"2026-09-30","6640","call","920","916.2","923.8"
"2026-09-30","6645","call","929.3499999999999","925.8","932.9"
"2026-09-30","6650","call","878.45","872.7","884.2"
"2026-09-30","6660","call","926.8","915.6","938"
"2026-09-30","6665","call","892.5","880.5","904.5"
"2026-09-30","6670","call","908.25","905.1","911.4"
"2026-09-30","6675","call","854.15","850.5","857.8"
"2026-09-30","6680","call","908.25","897","919.5"
"2026-09-30","6685","call","903.7","892.5","914.9"
"2026-09-30","6690","call","899.05","887.8","910.3"
"2026-09-30","6695","call","864.6500000000001","860.6","868.7"
"2026-09-30","6700","call","830.8499999999999","827.3","834.4"
"2026-09-30","6705","call","948.1500000000001","944.6","951.7"
"2026-09-30","6710","call","821.2","817.3","825.1"
"2026-09-30","6720","call","812.15","808.5","815.8"
"2026-09-30","6725","call","840.7","837.5","843.9"
"2026-09-30","6730","call","802.85","799.2","806.5"
"2026-09-30","6735","call","852.25","848.7","855.8"
"2026-09-30","6740","call","938.6","935.2","942"
"2026-09-30","6745","call","788.8","785.2","792.4"
"2026-09-30","6750","call","784.75","780.8","788.7"
"2026-09-30","6755","call","779.65","776","783.3"
"2026-09-30","6760","call","775.25","771.4","779.1"
"2026-09-30","6765","call","770.3","766.7","773.9"
"2026-09-30","6770","call","801.75","798.6","804.9"
"2026-09-30","6775","call","761.05","757.5","764.6"
"2026-09-30","6780","call","816.9000000000001","805.7","828.1"
"2026-09-30","6785","call","788.85","785.7","792"
"2026-09-30","6790","call","747.3","743.7","750.9"
"2026-09-30","6795","call","742.7","739.1","746.3"
"2026-09-30","6800","call","738.95","737.2","740.7"
"2026-09-30","6805","call","733.8","730","737.6"
"2026-09-30","6810","call","729.3499999999999","725.4","733.3"
"2026-09-30","6815","call","724.2","720.8","727.6"
"2026-09-30","6820","call","696.75","693.5","700"
"2026-09-30","6825","call","715.5","711.8","719.2"
"2026-09-30","6830","call","832.2","828.8","835.6"
"2026-09-30","6835","call","768.35","765.2","771.5"
"2026-09-30","6840","call","742","738.9","745.1"
"2026-09-30","6845","call","819.15","815","823.3"
"2026-09-30","6850","call","692.85","689","696.7"
"2026-09-30","6855","call","733.8499999999999","730.8","736.9"
"2026-09-30","6860","call","683.55","679.8","687.3"
"2026-09-30","6865","call","725.55","722.5","728.6"
"2026-09-30","6870","call","739.3499999999999","736.4","742.3"
"2026-09-30","6875","call","670.05","666.2","673.9"
"2026-09-30","6880","call","665.2","661.7","668.7"
"2026-09-30","6890","call","776.95","773.2","780.7"
"2026-09-30","6895","call","700.5","688.5","712.5"
"2026-09-30","6900","call","647.45","643.6","651.3"
"2026-09-30","6905","call","687.3","684.3","690.3"
"2026-09-30","6910","call","638.1","634.6","641.6"
"2026-09-30","6915","call","696","684.8","707.2"
"2026-09-30","6920","call","697.7","694.8","700.6"
"2026-09-30","6925","call","670.6","667.6","673.6"
"2026-09-30","6930","call","620.25","616.8","623.7"
"2026-09-30","6935","call","615.7","612.3","619.1"
"2026-09-30","6940","call","664.3","652.3","676.3"
"2026-09-30","6945","call","660.3","648.3","672.3"
"2026-09-30","6950","call","602.3499999999999","598.9","605.8"
"2026-09-30","6955","call","660.8","649.6","672"
"2026-09-30","6960","call","641.75","638.8","644.7"
"2026-09-30","6965","call","643.95","641","646.9"
"2026-09-30","6970","call","584.6500000000001","581.2","588.1"
"2026-09-30","6975","call","580.9","577.5","584.3"
"2026-09-30","6980","call","575.8","572.4","579.2"
"2026-09-30","6985","call","621.3499999999999","618.4","624.3"
"2026-09-30","6990","call","566.8","563.5","570.1"
"2026-09-30","6995","call","562.2","558.7","565.7"
"2026-09-30","7000","call","558.45","557","559.9"
"2026-09-30","7005","call","553.85","550.5","557.2"
"2026-09-30","7010","call","669.1500000000001","665.2","673.1"
"2026-09-30","7015","call","545.75","542.4","549.1"
"2026-09-30","7020","call","540.75","537.4","544.1"
"2026-09-30","7025","call","600.05","588.8","611.3"
"2026-09-30","7030","call","532.05","528.7","535.4"
"2026-09-30","7035","call","528","524.3","531.7"
"2026-09-30","7040","call","565.15","561.8","568.5"
"2026-09-30","7045","call","453.1","449.9","456.3"
"2026-09-30","7050","call","514.55","511.2","517.9"
"2026-09-30","7055","call","444.85","441.6","448.1"
"2026-09-30","7060","call","561.05","558.2","563.9"
"2026-09-30","7065","call","620.55","616.7","624.4"
"2026-09-30","7070","call","497.4","494.1","500.7"
"2026-09-30","7075","call","493.15","490","496.3"
"2026-09-30","7080","call","545.3","542.5","548.1"
"2026-09-30","7085","call","635.95","633.1","638.8"
"2026-09-30","7090","call","480.45","477.2","483.7"
"2026-09-30","7095","call","560.0999999999999","559.3","560.9"
"2026-09-30","7100","call","471.95","468.7","475.2"
"2026-09-30","7105","call","619.0999999999999","616.3","621.9"
"2026-09-30","7110","call","614.8","612.3","617.3"
"2026-09-30","7115","call","610.3","607.6","613"
"2026-09-30","7120","call","454.9","451.7","458.1"
"2026-09-30","7125","call","451.9","450.7","453.1"
"2026-09-30","7130","call","506.75","505.8","507.7"
"2026-09-30","7135","call","442.5","439.4","445.6"
"2026-09-30","7140","call","479.15","476.3","482"
"2026-09-30","7145","call","585.5999999999999","582.8","588.4"
"2026-09-30","7150","call","430.1","426.7","433.5"
"2026-09-30","7155","call","425.85","422.7","429"
"2026-09-30","7160","call","573.15","570.4","575.9"
"2026-09-30","7165","call","417.6","414.6","420.6"
"2026-09-30","7170","call","414.1","411","417.2"
"2026-09-30","7175","call","409.5","406.4","412.6"
"2026-09-30","7180","call","405.35","402.3","408.4"
"2026-09-30","7185","call","401.85","398.8","404.9"
"2026-09-30","7190","call","397.05","394","400.1"
"2026-09-30","7195","call","393.1","390.1","396.1"
"2026-09-30","7200","call","389.2","385.9","392.5"
"2026-09-30","7205","call","384.75","381.5","388"
"2026-09-30","7210","call","381.15","378","384.3"
"2026-09-30","7215","call","377.15","374","380.3"
"2026-09-30","7220","call","373.15","370","376.3"
"2026-09-30","7225","call","369.29999999999995","366.2","372.4"
"2026-09-30","7230","call","365.20000000000005","362.1","368.3"
"2026-09-30","7235","call","361.75","359.1","364.4"
"2026-09-30","7240","call","357.75","355.1","360.4"
"2026-09-30","7245","call","353.85","351.2","356.5"
"2026-09-30","7250","call","349.9","347.3","352.5"
"2026-09-30","7255","call","346.15","343.5","348.8"
"2026-09-30","7260","call","342.25","339.6","344.9"
"2026-09-30","7265","call","338.3","335.6","341"
"2026-09-30","7270","call","334.45000000000005","331.8","337.1"
"2026-09-30","7275","call","330.65","330.3","331"
"2026-09-30","7280","call","326.79999999999995","326.4","327.2"
"2026-09-30","7285","call","322.95","322.5","323.4"
"2026-09-30","7290","call","319.1","318.7","319.5"
"2026-09-30","7295","call","315.29999999999995","314.9","315.7"
"2026-09-30","7300","call","311.54999999999995","311.2","311.9"
"2026-09-30","7305","call","307.6","305","310.2"
"2026-09-30","7310","call","304.04999999999995","303.7","304.4"
"2026-09-30","7315","call","300.25","299.8","300.7"
"2026-09-30","7320","call","296.5","296.1","296.9"
"2026-09-30","7325","call","292.70000000000005","292.3","293.1"
"2026-09-30","7330","call","289.04999999999995","288.7","289.4"
"2026-09-30","7335","call","285.45","285","285.9"
"2026-09-30","7340","call","281.6","279","284.2"
"2026-09-30","7345","call","278.04999999999995","277.7","278.4"
"2026-09-30","7350","call","274.2","271.7","276.7"
"2026-09-30","7355","call","270.70000000000005","270.3","271.1"
"2026-09-30","7360","call","267.15","266.8","267.5"
"2026-09-30","7365","call","263.55","263.1","264"
"2026-09-30","7370","call","260.04999999999995","259.7","260.4"
"2026-09-30","7375","call","256.25","253.8","258.7"
"2026-09-30","7380","call","252.8","250.3","255.3"
"2026-09-30","7385","call","249.4","249","249.8"
"2026-09-30","7390","call","245.8","245.4","246.2"
"2026-09-30","7395","call","242.3","239.8","244.8"
"2026-09-30","7400","call","238.9","238.5","239.3"
"2026-09-30","7405","call","235.45","233","237.9"
"2026-09-30","7410","call","232.05","231.6","232.5"
"2026-09-30","7415","call","228.75","228.3","229.2"
"2026-09-30","7420","call","225.2","224.7","225.7"
"2026-09-30","7425","call","221.9","221.4","222.4"
"2026-09-30","7430","call","218.65","218.3","219"
"2026-09-30","7435","call","215.2","214.8","215.6"
"2026-09-30","7440","call","211.95","211.5","212.4"
"2026-09-30","7445","call","208.3","207.5","209.1"
"2026-09-30","7450","call","205.35000000000002","204.9","205.8"
"2026-09-30","7455","call","202.05","201.6","202.5"
"2026-09-30","7460","call","198.95","198.6","199.3"
"2026-09-30","7465","call","195.4","194.5","196.3"
"2026-09-30","7470","call","192.25","191.4","193.1"
"2026-09-30","7475","call","189.5","189.2","189.8"
"2026-09-30","7480","call","186.4","186","186.8"
"2026-09-30","7485","call","183.25","182.8","183.7"
"2026-09-30","7490","call","180.25","179.9","180.6"
"2026-09-30","7495","call","177.1","176.7","177.5"
"2026-09-30","7500","call","174.2","173.8","174.6"
"2026-09-30","7505","call","171.2","170.8","171.6"
"2026-09-30","7510","call","168.1","167.7","168.5"
"2026-09-30","7515","call","165.15","164.8","165.5"
"2026-09-30","7520","call","162.25","161.9","162.6"
"2026-09-30","7525","call","159.15","158.8","159.5"
"2026-09-30","7530","call","156.45","156.1","156.8"
"2026-09-30","7535","call","153.65","153.3","154"
"2026-09-30","7540","call","150.8","150.4","151.2"
"2026-09-30","7545","call","148.05","147.6","148.5"
"2026-09-30","7550","call","145.25","144.9","145.6"
"2026-09-30","7555","call","142.65","142.3","143"
"2026-09-30","7560","call","139.85","139.5","140.2"
"2026-09-30","7565","call","137.25","136.9","137.6"
"2026-09-30","7570","call","134.5","134.1","134.9"
"2026-09-30","7575","call","131.85","131.5","132.2"
"2026-09-30","7580","call","129.35","129","129.7"
"2026-09-30","7585","call","126.75","126.4","127.1"
"2026-09-30","7590","call","124.25","123.9","124.6"
"2026-09-30","7595","call","121.75","121.4","122.1"
"2026-09-30","7600","call","119.2","118.9","119.5"
"2026-09-30","7605","call","116.55","115.8","117.3"
"2026-09-30","7610","call","114.1","113.3","114.9"
"2026-09-30","7615","call","111.7","110.9","112.5"
"2026-09-30","7620","call","109.69999999999999","109.3","110.1"
"2026-09-30","7625","call","107.25","106.9","107.6"
"2026-09-30","7630","call","104.94999999999999","104.6","105.3"
"2026-09-30","7635","call","102.55000000000001","102.2","102.9"
"2026-09-30","7640","call","100.55000000000001","100.2","100.9"
"2026-09-30","7645","call","98.35","98","98.7"
"2026-09-30","7650","call","96.1","95.8","96.4"
"2026-09-30","7655","call","94","93.6","94.4"
"2026-09-30","7660","call","91.94999999999999","91.6","92.3"
"2026-09-30","7665","call","89.75","89.4","90.1"
"2026-09-30","7670","call","87.75","87.4","88.1"
"2026-09-30","7675","call","85.7","85.4","86"
"2026-09-30","7680","call","83.65","83.3","84"
"2026-09-30","7685","call","81.85","81.5","82.2"
"2026-09-30","7690","call","79.94999999999999","79.6","80.3"
"2026-09-30","7695","call","78.15","77.7","78.6"
"2026-09-30","7700","call","76.05000000000001","75.7","76.4"
"2026-09-30","7705","call","74.35","74","74.7"
"2026-09-30","7710","call","72.35","72","72.7"
"2026-09-30","7715","call","70.8","70.5","71.1"
"2026-09-30","7720","call","69.05000000000001","68.7","69.4"
"2026-09-30","7725","call","67.25","66.9","67.6"
"2026-09-30","7730","call","65.75","65.4","66.1"
"2026-09-30","7735","call","63.900000000000006","63.6","64.2"
"2026-09-30","7740","call","62.45","62.1","62.8"
"2026-09-30","7745","call","60.900000000000006","60.6","61.2"
"2026-09-30","7750","call","59.4","59","59.8"
"2026-09-30","7760","call","56.35","56","56.7"
"2026-09-30","7765","call","54.7","54.4","55"
"2026-09-30","7770","call","53.35","53","53.7"
"2026-09-30","7775","call","51.95","51.6","52.3"
"2026-09-30","7780","call","50.7","50.4","51"
"2026-09-30","7785","call","49.3","49","49.6"
"2026-09-30","7790","call","48.05","47.7","48.4"
"2026-09-30","7800","call","45.5","45.2","45.8"
"2026-09-30","7805","call","44.2","43.9","44.5"
"2026-09-30","7810","call","43.099999999999994","42.8","43.4"
"2026-09-30","7815","call","41.900000000000006","41.6","42.2"
"2026-09-30","7820","call","40.599999999999994","40.3","40.9"
"2026-09-30","7825","call","39.7","39.3","40.1"
"2026-09-30","7830","call","38.400000000000006","38.1","38.7"
"2026-09-30","7835","call","37.5","37.2","37.8"
"2026-09-30","7840","call","36.3","36","36.6"
"2026-09-30","7845","call","35.400000000000006","35.1","35.7"
"2026-09-30","7850","call","34.45","34.2","34.7"
"2026-09-30","7855","call","33.5","33.2","33.8"
"2026-09-30","7860","call","32.5","32.2","32.8"
"2026-09-30","7870","call","30.7","30.4","31"
"2026-09-30","7875","call","29.75","29.5","30"
"2026-09-30","7880","call","29","28.7","29.3"
"2026-09-30","7885","call","28.2","27.9","28.5"
"2026-09-30","7890","call","27.35","27.1","27.6"
"2026-09-30","7895","call","26.6","26.3","26.9"
"2026-09-30","7900","call","25.85","25.6","26.1"
"2026-09-30","7905","call","25.1","24.8","25.4"
"2026-09-30","7910","call","24.25","24","24.5"
"2026-09-30","7915","call","23.55","23.3","23.8"
"2026-09-30","7920","call","22.95","22.7","23.2"
"2026-09-30","7925","call","22.3","22","22.6"
"2026-09-30","7930","call","21.6","21.3","21.9"
"2026-09-30","7935","call","21","20.7","21.3"
"2026-09-30","7940","call","20.45","20.2","20.7"
"2026-09-30","7945","call","19.85","19.6","20.1"
"2026-09-30","7950","call","19.2","19","19.4"
"2026-09-30","7955","call","18.7","18.4","19"
"2026-09-30","7960","call","18.05","17.8","18.3"
"2026-09-30","7965","call","17.65","17.4","17.9"
"2026-09-30","7970","call","17.05","16.8","17.3"
"2026-09-30","7975","call","16.55","16.3","16.8"
"2026-09-30","7980","call","16.05","15.8","16.3"
"2026-09-30","7985","call","15.65","15.4","15.9"
"2026-09-30","7990","call","15.2","15","15.4"
"2026-09-30","7995","call","14.75","14.5","15"
"2026-09-30","8000","call","14.3","14.1","14.5"
"2026-09-30","8005","call","13.85","13.6","14.1"
"2026-09-30","8010","call","13.45","13.2","13.7"
"2026-09-30","8015","call","13.15","12.9","13.4"
"2026-09-30","8020","call","12.7","12.5","12.9"
"2026-09-30","8025","call","12.35","12.1","12.6"
"2026-09-30","8030","call","11.95","11.7","12.2"
"2026-09-30","8035","call","11.65","11.4","11.9"
"2026-09-30","8040","call","11.35","11.1","11.6"
"2026-09-30","8045","call","10.95","10.7","11.2"
"2026-09-30","8050","call","10.65","10.4","10.9"
"2026-09-30","8055","call","10.35","10.1","10.6"
"2026-09-30","8060","call","10.05","9.8","10.3"
"2026-09-30","8065","call","9.8","9.6","10"
"2026-09-30","8070","call","9.55","9.3","9.8"
"2026-09-30","8075","call","9.25","9","9.5"
"2026-09-30","8080","call","9","8.8","9.2"
"2026-09-30","8085","call","8.75","8.5","9"
"2026-09-30","8090","call","8.5","8.3","8.7"
"2026-09-30","8095","call","8.25","8","8.5"
"2026-09-30","8100","call","8.05","7.8","8.3"
"2026-09-30","8105","call","7.8","7.6","8"
"2026-09-30","8110","call","7.6","7.4","7.8"
"2026-09-30","8115","call","7.4","7.2","7.6"
"2026-09-30","8120","call","7.2","7","7.4"
"2026-09-30","8125","call","7","6.8","7.2"
"2026-09-30","8130","call","6.8","6.6","7"
"2026-09-30","8135","call","6.6","6.4","6.8"
"2026-09-30","8140","call","6.5","6.3","6.7"
"2026-09-30","8145","call","6.3","6.1","6.5"
"2026-09-30","8150","call","6.1","5.9","6.3"
"2026-09-30","8155","call","6","5.8","6.2"
"2026-09-30","8160","call","5.8","5.6","6"
"2026-09-30","8165","call","5.7","5.5","5.9"
"2026-09-30","8170","call","5.5","5.3","5.7"
"2026-09-30","8175","call","5.4","5.2","5.6"
"2026-09-30","8185","call","5.1","4.9","5.3"
"2026-09-30","8190","call","5","4.8","5.2"
"2026-09-30","8195","call","4.85","4.7","5"
"2026-09-30","8200","call","4.75","4.6","4.9"
"2026-09-30","8205","call","4.65","4.5","4.8"
"2026-09-30","8210","call","4.550000000000001","4.4","4.7"
"2026-09-30","8215","call","4.4","4.2","4.6"
"2026-09-30","8220","call","4.3","4.1","4.5"
"2026-09-30","8225","call","4.2","4","4.4"
"2026-09-30","8230","call","4.1","3.9","4.3"
"2026-09-30","8240","call","3.9499999999999997","3.8","4.1"
"2026-09-30","8245","call","3.85","3.7","4"
"2026-09-30","8250","call","3.75","3.6","3.9"
"2026-09-30","8255","call","3.65","3.5","3.8"
"2026-09-30","8260","call","3.55","3.4","3.7"
"2026-09-30","8270","call","3.45","3.3","3.6"
"2026-09-30","8275","call","3.35","3.2","3.5"
"2026-09-30","8280","call","3.25","3.1","3.4"
"2026-09-30","8290","call","3.15","3","3.3"
"2026-09-30","8300","call","2.975","2.85","3.1"
"2026-09-30","8310","call","2.875","2.75","3"
"2026-09-30","8320","call","2.75","2.65","2.85"
"2026-09-30","8325","call","2.7","2.6","2.8"
"2026-09-30","8330","call","2.625","2.5","2.75"
"2026-09-30","8340","call","2.525","2.4","2.65"
"2026-09-30","8350","call","2.425","2.3","2.55"
"2026-09-30","8370","call","2.25","2.15","2.35"
"2026-09-30","8375","call","2.225","2.1","2.35"
"2026-09-30","8380","call","2.175","2.05","2.3"
"2026-09-30","8390","call","2.075","1.95","2.2"
"2026-09-30","8410","call","1.4","1.2","1.6"
"2026-09-30","8420","call","1.875","1.75","2"
"2026-09-30","8425","call","1.825","1.7","1.95"
"2026-09-30","8430","call","1.7999999999999998","1.7","1.9"
"2026-09-30","8440","call","1.75","1.65","1.85"
"2026-09-30","8450","call","1.675","1.55","1.8"
"2026-09-30","8460","call","1.625","1.5","1.75"
"2026-09-30","8475","call","1.5499999999999998","1.45","1.65"
"2026-09-30","8480","call","1.525","1.4","1.65"
"2026-09-30","8500","call","1.425","1.3","1.55"
"2026-09-30","8510","call","1.375","1.25","1.5"
"2026-09-30","8520","call","1.35","1.25","1.45"
"2026-09-30","8530","call","1.2999999999999998","1.2","1.4"
"2026-09-30","8550","call","0.9","0.7","1.1"
"2026-09-30","8560","call","1.2000000000000002","1.1","1.3"
"2026-09-30","8575","call","1.15","1.05","1.25"
"2026-09-30","8700","call","0.8","0.7","0.9"
"2026-09-30","3200","put","0.55","0.45","0.65"
"2026-09-30","3300","put","0.6","0.5","0.7"
"2026-09-30","3400","put","0.7","0.6","0.8"
"2026-09-30","3500","put","0.8","0.7","0.9"
"2026-09-30","3600","put","0.875","0.75","1"
"2026-09-30","3700","put","1","0.9","1.1"
"2026-09-30","3800","put","1.1","1","1.2"
"2026-09-30","3900","put","1.25","1.15","1.35"
"2026-09-30","4000","put","1.4500000000000002","1.35","1.55"
"2026-09-30","4100","put","1.6","1.5","1.7"
"2026-09-30","4200","put","1.85","1.75","1.95"
"2026-09-30","4300","put","2.075","2","2.15"
"2026-09-30","4400","put","2.325","2.25","2.4"
"2026-09-30","4500","put","2.625","2.55","2.7"
"2026-09-30","4550","put","2.7750000000000004","2.7","2.85"
"2026-09-30","4600","put","2.925","2.85","3"
"2026-09-30","4650","put","3.1","3","3.2"
"2026-09-30","4700","put","3.3","3.2","3.4"
"2026-09-30","4750","put","3.45","3.3","3.6"
"2026-09-30","4800","put","3.65","3.5","3.8"
"2026-09-30","4850","put","3.9","3.8","4"
"2026-09-30","4900","put","4.05","3.9","4.2"
"2026-09-30","4950","put","4.300000000000001","4.2","4.4"
"2026-09-30","5000","put","4.550000000000001","4.4","4.7"
"2026-09-30","5050","put","4.800000000000001","4.7","4.9"
"2026-09-30","5100","put","5.050000000000001","4.9","5.2"
"2026-09-30","5125","put","5.199999999999999","5.1","5.3"
"2026-09-30","5150","put","5.300000000000001","5.2","5.4"
"2026-09-30","5175","put","5.5","5.4","5.6"
"2026-09-30","5200","put","5.6","5.5","5.7"
"2026-09-30","5225","put","5.800000000000001","5.7","5.9"
"2026-09-30","5250","put","5.9","5.8","6"
"2026-09-30","5275","put","6.1","6","6.2"
"2026-09-30","5300","put","6.25","6.1","6.4"
"2026-09-30","5325","put","6.4","6.3","6.5"
"2026-09-30","5350","put","6.6","6.5","6.7"
"2026-09-30","5375","put","6.800000000000001","6.7","6.9"
"2026-09-30","5400","put","6.949999999999999","6.8","7.1"
"2026-09-30","5425","put","7.15","7","7.3"
"2026-09-30","5450","put","7.300000000000001","7.2","7.4"
"2026-09-30","5475","put","7.5","7.4","7.6"
"2026-09-30","5500","put","7.699999999999999","7.6","7.8"
"2026-09-30","5525","put","7.949999999999999","7.8","8.1"
"2026-09-30","5550","put","8.2","8.1","8.3"
"2026-09-30","5575","put","8.35","8.2","8.5"
"2026-09-30","5600","put","8.55","8.4","8.7"
"2026-09-30","5625","put","8.85","8.7","9"
"2026-09-30","5650","put","9.05","8.9","9.2"
"2026-09-30","5675","put","9.3","9.2","9.4"
"2026-09-30","5700","put","9.6","9.5","9.7"
"2026-09-30","5725","put","9.9","9.8","10"
"2026-09-30","5750","put","10.15","10","10.3"
"2026-09-30","5775","put","10.45","10.3","10.6"
"2026-09-30","5780","put","12.5","12.3","12.7"
"2026-09-30","5790","put","10.6","10.5","10.7"
"2026-09-30","5800","put","10.7","10.5","10.9"
"2026-09-30","5820","put","11","10.9","11.1"
"2026-09-30","5825","put","11","10.8","11.2"
"2026-09-30","5835","put","11.15","11","11.3"
"2026-09-30","5850","put","11.35","11.2","11.5"
"2026-09-30","5855","put","11.399999999999999","11.2","11.6"
"2026-09-30","5860","put","11.5","11.4","11.6"
"2026-09-30","5870","put","11.600000000000001","11.4","11.8"
"2026-09-30","5875","put","11.7","11.6","11.8"
"2026-09-30","5880","put","11.65","11.5","11.8"
"2026-09-30","5885","put","11.8","11.6","12"
"2026-09-30","5890","put","11.9","11.8","12"
"2026-09-30","5900","put","12.05","11.9","12.2"
"2026-09-30","5910","put","12.100000000000001","11.9","12.3"
"2026-09-30","5915","put","12.2","12","12.4"
"2026-09-30","5920","put","15.45","15.3","15.6"
"2026-09-30","5925","put","12.3","12.1","12.5"
"2026-09-30","5930","put","12.45","12.3","12.6"
"2026-09-30","5935","put","12.55","12.4","12.7"
"2026-09-30","5940","put","16.4","16.2","16.6"
"2026-09-30","5945","put","12.7","12.5","12.9"
"2026-09-30","5950","put","12.75","12.6","12.9"
"2026-09-30","5955","put","12.85","12.7","13"
"2026-09-30","5960","put","12.95","12.8","13.1"
"2026-09-30","5965","put","12.95","12.8","13.1"
"2026-09-30","5970","put","13.100000000000001","12.9","13.3"
"2026-09-30","5975","put","13.15","13","13.3"
"2026-09-30","5980","put","13.25","13.1","13.4"
"2026-09-30","5985","put","13.25","13.1","13.4"
"2026-09-30","5990","put","13.3","13.2","13.4"
"2026-09-30","6000","put","13.5","13.4","13.6"
"2026-09-30","6010","put","13.65","13.5","13.8"
"2026-09-30","6020","put","13.85","13.7","14"
"2026-09-30","6025","put","13.95","13.8","14.1"
"2026-09-30","6030","put","14.05","13.9","14.2"
"2026-09-30","6040","put","14.15","14","14.3"
"2026-09-30","6045","put","14.3","14.1","14.5"
"2026-09-30","6050","put","14.35","14.2","14.5"
"2026-09-30","6055","put","14.5","14.3","14.7"
"2026-09-30","6060","put","14.5","14.3","14.7"
"2026-09-30","6070","put","14.75","14.6","14.9"
"2026-09-30","6075","put","14.8","14.6","15"
"2026-09-30","6080","put","16.45","16.2","16.7"
"2026-09-30","6090","put","15.100000000000001","14.9","15.3"
"2026-09-30","6100","put","15.3","15.1","15.5"
"2026-09-30","6110","put","15.399999999999999","15.2","15.6"
"2026-09-30","6120","put","15.600000000000001","15.4","15.8"
"2026-09-30","6125","put","15.7","15.5","15.9"
"2026-09-30","6130","put","15.9","15.7","16.1"
"2026-09-30","6140","put","16.1","15.9","16.3"
"2026-09-30","6150","put","16.3","16.1","16.5"
"2026-09-30","6160","put","16.450000000000003","16.3","16.6"
"2026-09-30","6170","put","16.6","16.4","16.8"
"2026-09-30","6175","put","16.8","16.6","17"
"2026-09-30","6180","put","16.85","16.6","17.1"
"2026-09-30","6190","put","17.05","16.8","17.3"
"2026-09-30","6200","put","17.3","17.1","17.5"
"2026-09-30","6210","put","17.6","17.4","17.8"
"2026-09-30","6220","put","17.75","17.5","18"
"2026-09-30","6225","put","17.9","17.7","18.1"
"2026-09-30","6230","put","17.95","17.7","18.2"
"2026-09-30","6240","put","18.2","18","18.4"
"2026-09-30","6250","put","18.45","18.2","18.7"
"2026-09-30","6260","put","18.75","18.5","19"
"2026-09-30","6270","put","18.95","18.7","19.2"
"2026-09-30","6275","put","19.05","18.8","19.3"
"2026-09-30","6280","put","19.25","19","19.5"
"2026-09-30","6290","put","19.45","19.2","19.7"
"2026-09-30","6300","put","19.75","19.5","20"
"2026-09-30","6305","put","19.9","19.7","20.1"
"2026-09-30","6310","put","20","19.8","20.2"
"2026-09-30","6315","put","20.15","19.9","20.4"
"2026-09-30","6320","put","20.35","20.1","20.6"
"2026-09-30","6325","put","20.450000000000003","20.3","20.6"
"2026-09-30","6330","put","20.6","20.4","20.8"
"2026-09-30","6335","put","20.7","20.5","20.9"
"2026-09-30","6340","put","20.85","20.6","21.1"
"2026-09-30","6345","put","21.05","20.8","21.3"
"2026-09-30","6350","put","21.15","20.9","21.4"
"2026-09-30","6355","put","21.35","21.1","21.6"
"2026-09-30","6360","put","21.45","21.2","21.7"
"2026-09-30","6365","put","21.65","21.4","21.9"
"2026-09-30","6370","put","21.75","21.5","22"
"2026-09-30","6375","put","21.9","21.7","22.1"
"2026-09-30","6380","put","22.1","21.9","22.3"
"2026-09-30","6385","put","22.2","22","22.4"
"2026-09-30","6390","put","22.35","22.1","22.6"
"2026-09-30","6395","put","22.5","22.3","22.7"
"2026-09-30","6400","put","22.65","22.5","22.8"
"2026-09-30","6405","put","22.85","22.6","23.1"
"2026-09-30","6410","put","23.1","22.9","23.3"
"2026-09-30","6415","put","23.25","23","23.5"
"2026-09-30","6420","put","36.55","36.2","36.9"
"2026-09-30","6425","put","23.55","23.3","23.8"
"2026-09-30","6430","put","36.15","35.8","36.5"
"2026-09-30","6435","put","23.85","23.6","24.1"
"2026-09-30","6440","put","24.1","23.9","24.3"
"2026-09-30","6445","put","24.2","24","24.4"
"2026-09-30","6450","put","24.35","24.1","24.6"
"2026-09-30","6455","put","24.65","24.4","24.9"
"2026-09-30","6460","put","38.65","38.3","39"
"2026-09-30","6465","put","25","24.8","25.2"
"2026-09-30","6470","put","25.2","25","25.4"
"2026-09-30","6475","put","25.35","25.1","25.6"
"2026-09-30","6480","put","25.55","25.3","25.8"
"2026-09-30","6485","put","25.7","25.5","25.9"
"2026-09-30","6490","put","25.85","25.6","26.1"
"2026-09-30","6495","put","26.05","25.8","26.3"
"2026-09-30","6500","put","26.2","26","26.4"
"2026-09-30","6505","put","26.45","26.2","26.7"
"2026-09-30","6510","put","26.65","26.4","26.9"
"2026-09-30","6515","put","26.85","26.6","27.1"
"2026-09-30","6520","put","27.05","26.8","27.3"
"2026-09-30","6525","put","27.25","27","27.5"
"2026-09-30","6530","put","27.5","27.3","27.7"
"2026-09-30","6535","put","27.75","27.5","28"
"2026-09-30","6540","put","27.9","27.6","28.2"
"2026-09-30","6545","put","28.15","27.9","28.4"
"2026-09-30","6550","put","28.35","28.1","28.6"
"2026-09-30","6555","put","28.55","28.3","28.8"
"2026-09-30","6560","put","28.75","28.5","29"
"2026-09-30","6565","put","29.05","28.8","29.3"
"2026-09-30","6570","put","29.3","29.1","29.5"
"2026-09-30","6575","put","29.45","29.2","29.7"
"2026-09-30","6580","put","29.7","29.5","29.9"
"2026-09-30","6585","put","30","29.8","30.2"
"2026-09-30","6590","put","30.15","29.9","30.4"
"2026-09-30","6595","put","30.4","30.2","30.6"
"2026-09-30","6600","put","30.65","30.5","30.8"
"2026-09-30","6605","put","103.9","103.3","104.5"
"2026-09-30","6610","put","31.25","31","31.5"
"2026-09-30","6615","put","31.4","31.2","31.6"
"2026-09-30","6620","put","31.75","31.5","32"
"2026-09-30","6625","put","31.9","31.7","32.1"
"2026-09-30","6630","put","32.25","32","32.5"
"2026-09-30","6635","put","32.35","32.1","32.6"
"2026-09-30","6640","put","32.65","32.4","32.9"
"2026-09-30","6645","put","33.05","32.8","33.3"
"2026-09-30","6650","put","33.15","32.9","33.4"
"2026-09-30","6655","put","33.55","33.3","33.8"
"2026-09-30","6660","put","33.75","33.5","34"
"2026-09-30","6665","put","34.05","33.8","34.3"
"2026-09-30","6670","put","34.25","34","34.5"
"2026-09-30","6675","put","34.55","34.3","34.8"
"2026-09-30","6680","put","34.95","34.7","35.2"
"2026-09-30","6685","put","35.15","34.9","35.4"
"2026-09-30","6690","put","35.5","35.2","35.8"
"2026-09-30","6695","put","35.85","35.6","36.1"
"2026-09-30","6700","put","36.099999999999994","35.9","36.3"
"2026-09-30","6705","put","36.45","36.2","36.7"
"2026-09-30","6710","put","36.7","36.4","37"
"2026-09-30","6715","put","37.05","36.8","37.3"
"2026-09-30","6720","put","37.25","37","37.5"
"2026-09-30","6725","put","37.55","37.3","37.8"
"2026-09-30","6730","put","37.85","37.6","38.1"
"2026-09-30","6735","put","38.25","38","38.5"
"2026-09-30","6740","put","38.55","38.3","38.8"
"2026-09-30","6745","put","38.900000000000006","38.6","39.2"
"2026-09-30","6750","put","39.15","38.9","39.4"
"2026-09-30","6755","put","39.55","39.3","39.8"
"2026-09-30","6760","put","39.85","39.6","40.1"
"2026-09-30","6765","put","40.25","40","40.5"
"2026-09-30","6770","put","40.65","40.4","40.9"
"2026-09-30","6775","put","40.95","40.7","41.2"
"2026-09-30","6780","put","41.3","41","41.6"
"2026-09-30","6785","put","41.7","41.5","41.9"
"2026-09-30","6790","put","41.95","41.7","42.2"
"2026-09-30","6795","put","42.35","42.1","42.6"
"2026-09-30","6800","put","42.8","42.6","43"
"2026-09-30","6805","put","43.099999999999994","42.8","43.4"
"2026-09-30","6810","put","43.45","43.2","43.7"
"2026-09-30","6815","put","43.85","43.6","44.1"
"2026-09-30","6820","put","44.3","44","44.6"
"2026-09-30","6825","put","44.7","44.4","45"
"2026-09-30","6830","put","44.75","44.2","45.3"
"2026-09-30","6835","put","45.45","45.2","45.7"
"2026-09-30","6840","put","45.900000000000006","45.6","46.2"
"2026-09-30","6845","put","46.25","46","46.5"
"2026-09-30","6850","put","46.75","46.5","47"
"2026-09-30","6855","put","47.05","46.8","47.3"
"2026-09-30","6860","put","47.45","47.2","47.7"
"2026-09-30","6865","put","48","47.8","48.2"
"2026-09-30","6870","put","48.35","48.1","48.6"
"2026-09-30","6875","put","48.85","48.6","49.1"
"2026-09-30","6880","put","49.25","49","49.5"
"2026-09-30","6885","put","49.55","49.3","49.8"
"2026-09-30","6890","put","50.15","49.9","50.4"
"2026-09-30","6895","put","50.5","50.3","50.7"
"2026-09-30","6900","put","51","50.7","51.3"
"2026-09-30","6905","put","51.5","51.2","51.8"
"2026-09-30","6910","put","52","51.7","52.3"
"2026-09-30","6915","put","52.5","52.2","52.8"
"2026-09-30","6920","put","53.05","52.8","53.3"
"2026-09-30","6925","put","53.5","53.3","53.7"
"2026-09-30","6930","put","53.900000000000006","53.6","54.2"
"2026-09-30","6935","put","54.5","54.3","54.7"
"2026-09-30","6940","put","54.95","54.7","55.2"
"2026-09-30","6945","put","55.55","55.3","55.8"
"2026-09-30","6950","put","55.95","55.7","56.2"
"2026-09-30","6955","put","56.5","56.2","56.8"
"2026-09-30","6960","put","57.05","56.8","57.3"
"2026-09-30","6965","put","57.45","57.2","57.7"
"2026-09-30","6970","put","58.2","57.9","58.5"
"2026-09-30","6975","put","58.599999999999994","58.3","58.9"
"2026-09-30","6980","put","59.099999999999994","58.8","59.4"
"2026-09-30","6985","put","59.65","59.4","59.9"
"2026-09-30","6990","put","60.400000000000006","60.2","60.6"
"2026-09-30","6995","put","60.85","60.6","61.1"
"2026-09-30","7000","put","61.400000000000006","61.1","61.7"
"2026-09-30","7005","put","62.099999999999994","61.8","62.4"
"2026-09-30","7010","put","62.55","62.3","62.8"
"2026-09-30","7015","put","63.15","62.9","63.4"
"2026-09-30","7020","put","63.900000000000006","63.6","64.2"
"2026-09-30","7025","put","64.4","64.1","64.7"
"2026-09-30","7030","put","65.15","64.9","65.4"
"2026-09-30","7035","put","65.7","65.4","66"
"2026-09-30","7040","put","66.4","66.1","66.7"
"2026-09-30","7045","put","66.95","66.7","67.2"
"2026-09-30","7050","put","67.55","67.3","67.8"
"2026-09-30","7055","put","68.25","68","68.5"
"2026-09-30","7060","put","68.9","68.7","69.1"
"2026-09-30","7065","put","69.65","69.4","69.9"
"2026-09-30","7070","put","70.2","70","70.4"
"2026-09-30","7075","put","71.05","70.8","71.3"
"2026-09-30","7080","put","71.75","71.5","72"
"2026-09-30","7085","put","72.35","72.1","72.6"
"2026-09-30","7090","put","73.05","72.8","73.3"
"2026-09-30","7095","put","73.75","73.5","74"
"2026-09-30","7100","put","74.5","74.2","74.8"
"2026-09-30","7105","put","75.25","75","75.5"
"2026-09-30","7110","put","75.95","75.7","76.2"
"2026-09-30","7115","put","76.75","76.5","77"
"2026-09-30","7120","put","77.5","77.2","77.8"
"2026-09-30","7125","put","78.4","78.1","78.7"
"2026-09-30","7130","put","79.25","79","79.5"
"2026-09-30","7135","put","80","79.8","80.2"
"2026-09-30","7140","put","80.8","80.5","81.1"
"2026-09-30","7145","put","81.6","81.3","81.9"
"2026-09-30","7150","put","82.4","82.1","82.7"
"2026-09-30","7155","put","83.15","82.9","83.4"
"2026-09-30","7160","put","84.1","83.8","84.4"
"2026-09-30","7165","put","84.8","84.5","85.1"
"2026-09-30","7170","put","85.85","85.6","86.1"
"2026-09-30","7175","put","86.55","86.3","86.8"
"2026-09-30","7180","put","87.4","87.1","87.7"
"2026-09-30","7185","put","88.55","88.3","88.8"
"2026-09-30","7190","put","89.44999999999999","89.1","89.8"
"2026-09-30","7195","put","90.1","89.8","90.4"
"2026-09-30","7200","put","91.05","90.8","91.3"
"2026-09-30","7205","put","92.05","91.8","92.3"
"2026-09-30","7210","put","92.95","92.7","93.2"
"2026-09-30","7215","put","94.05000000000001","93.7","94.4"
"2026-09-30","7220","put","94.8","94.5","95.1"
"2026-09-30","7225","put","95.8","95.5","96.1"
"2026-09-30","7230","put","96.8","96.5","97.1"
"2026-09-30","7235","put","97.9","97.6","98.2"
"2026-09-30","7240","put","99.1","98.8","99.4"
"2026-09-30","7245","put","99.8","99.5","100.1"
"2026-09-30","7250","put","100.9","100.6","101.2"
"2026-09-30","7255","put","101.9","101.6","102.2"
"2026-09-30","7260","put","103","102.7","103.3"
"2026-09-30","7265","put","104.05000000000001","103.7","104.4"
"2026-09-30","7270","put","105.1","104.8","105.4"
"2026-09-30","7275","put","106.2","105.9","106.5"
"2026-09-30","7280","put","107.35","107","107.7"
"2026-09-30","7285","put","108.44999999999999","108.1","108.8"
"2026-09-30","7290","put","109.85","109.6","110.1"
"2026-09-30","7295","put","110.94999999999999","110.6","111.3"
"2026-09-30","7300","put","111.95","111.7","112.2"
"2026-09-30","7305","put","113.1","112.8","113.4"
"2026-09-30","7310","put","114.3","114","114.6"
"2026-09-30","7315","put","115.55","115.3","115.8"
"2026-09-30","7320","put","116.8","116.5","117.1"
"2026-09-30","7325","put","117.94999999999999","117.6","118.3"
"2026-09-30","7330","put","119.25","118.9","119.6"
"2026-09-30","7335","put","120.55000000000001","120.2","120.9"
"2026-09-30","7340","put","121.85","121.5","122.2"
"2026-09-30","7345","put","123.35","123","123.7"
"2026-09-30","7350","put","124.5","124.2","124.8"
"2026-09-30","7355","put","125.8","125.5","126.1"
"2026-09-30","7360","put","127.15","126.8","127.5"
"2026-09-30","7365","put","128.45","128.2","128.7"
"2026-09-30","7370","put","130.05","129.7","130.4"
"2026-09-30","7375","put","131.5","131.1","131.9"
"2026-09-30","7380","put","132.75","132.4","133.1"
"2026-09-30","7385","put","134.25","133.9","134.6"
"2026-09-30","7390","put","135.65","135.3","136"
"2026-09-30","7395","put","137.15","136.8","137.5"
"2026-09-30","7400","put","138.65","138.3","139"
"2026-09-30","7405","put","140.2","139.8","140.6"
"2026-09-30","7410","put","141.9","141.5","142.3"
"2026-09-30","7415","put","143.3","142.9","143.7"
"2026-09-30","7420","put","144.85","144.5","145.2"
"2026-09-30","7425","put","146.5","146.2","146.8"
"2026-09-30","7430","put","148.10000000000002","147.8","148.4"
"2026-09-30","7435","put","149.3","148.5","150.1"
"2026-09-30","7440","put","151.45","151.1","151.8"
"2026-09-30","7445","put","153.15","152.8","153.5"
"2026-09-30","7450","put","154.8","154.4","155.2"
"2026-09-30","7455","put","156.39999999999998","156.1","156.7"
"2026-09-30","7460","put","158.25","157.9","158.6"
"2026-09-30","7465","put","160.05","159.7","160.4"
"2026-09-30","7470","put","161.8","161.4","162.2"
"2026-09-30","7475","put","163.7","163.3","164.1"
"2026-09-30","7480","put","165.6","165.2","166"
"2026-09-30","7485","put","167.45","167.1","167.8"
"2026-09-30","7490","put","169.3","168.9","169.7"
"2026-09-30","7495","put","171.2","170.8","171.6"
"2026-09-30","7500","put","172.8","172","173.6"
"2026-09-30","7505","put","175.1","174.7","175.5"
"2026-09-30","7510","put","176.7","175.9","177.5"
"2026-09-30","7515","put","179.05","178.7","179.4"
"2026-09-30","7520","put","181.2","180.8","181.6"
"2026-09-30","7525","put","183.2","182.8","183.6"
"2026-09-30","7530","put","185.45","185.1","185.8"
"2026-09-30","7535","put","187.55","187.2","187.9"
"2026-09-30","7540","put","189.25","188.4","190.1"
"2026-09-30","7545","put","191.85000000000002","191.4","192.3"
"2026-09-30","7550","put","194","193.6","194.4"
"2026-09-30","7555","put","196.3","194.4","198.2"
"2026-09-30","7560","put","198.55","198.2","198.9"
"2026-09-30","7565","put","200.85","200.5","201.2"
"2026-09-30","7570","put","203.15","202.8","203.5"
"2026-09-30","7575","put","205.55","203.6","207.5"
"2026-09-30","7580","put","207.8","207.4","208.2"
"2026-09-30","7585","put","210.3","209.9","210.7"
"2026-09-30","7590","put","212.7","212.3","213.1"
"2026-09-30","7595","put","214.9","212.5","217.3"
"2026-09-30","7600","put","217.64999999999998","217.2","218.1"
"2026-09-30","7605","put","220.2","219.8","220.6"
"2026-09-30","7610","put","222.65","222.3","223"
"2026-09-30","7615","put","225.2","224.8","225.6"
"2026-09-30","7620","put","227.95","227.6","228.3"
"2026-09-30","7625","put","230.35000000000002","227.9","232.8"
"2026-09-30","7630","put","233.2","232.8","233.6"
"2026-09-30","7635","put","235.9","235.5","236.3"
"2026-09-30","7640","put","238.7","238.3","239.1"
"2026-09-30","7645","put","241.2","238.7","243.7"
"2026-09-30","7650","put","244.25","243.9","244.6"
"2026-09-30","7655","put","277.1","276.8","277.4"
"2026-09-30","7660","put","250.05","249.6","250.5"
"2026-09-30","7665","put","252.8","252.4","253.2"
"2026-09-30","7670","put","255.75","255.4","256.1"
"2026-09-30","7675","put","258.5","255.9","261.1"
"2026-09-30","7680","put","261.45","261","261.9"
"2026-09-30","7685","put","264.5","261.9","267.1"
"2026-09-30","7690","put","267.6","267.2","268"
"2026-09-30","7700","put","274","273.5","274.5"
"2026-09-30","7705","put","276.95000000000005","276.6","277.3"
"2026-09-30","7710","put","280.25","279.9","280.6"
"2026-09-30","7715","put","283.15","280.1","286.2"
"2026-09-30","7725","put","290.4","287.4","293.4"
"2026-09-30","7730","put","293.29999999999995","289.9","296.7"
"2026-09-30","7875","put","442.9","431.1","454.7"
"2026-09-30","8100","put","1028.3000000000002","1024.2","1032.4"
"2026-09-30","8600","put","1489.7","1484.5","1494.9"
"2026-11-30","3200","call","4288.3","4282.6","4294"
"2026-11-30","3400","call","4091.3","4085.5","4097.1"
"2026-11-30","5000","call","2525.55","2519.8","2531.3"
"2026-11-30","5950","call","1727.1","1715.1","1739.1"
"2026-11-30","6000","call","1562.65","1556.9","1568.4"
"2026-11-30","6050","call","1536.75","1531","1542.5"
"2026-11-30","6200","call","1374.45","1368.7","1380.2"
"2026-11-30","6250","call","1327.85","1322.1","1333.6"
"2026-11-30","6400","call","1188.25","1184","1192.5"
"2026-11-30","6425","call","1165.3","1161.1","1169.5"
"2026-11-30","6500","call","1097.95","1094","1101.9"
"2026-11-30","6525","call","1074.45","1070.5","1078.4"
"2026-11-30","6650","call","962.85","959","966.7"
"2026-11-30","6675","call","939.8","936","943.6"
"2026-11-30","6700","call","845.2","841.5","848.9"
"2026-11-30","6800","call","829.85","826.2","833.5"
"2026-11-30","6875","call","765.1500000000001","761.7","768.6"
"2026-11-30","6900","call","743.65","740","747.3"
"2026-11-30","6950","call","816.8499999999999","813.4","820.3"
"2026-11-30","6975","call","795.5","792.1","798.9"
"2026-11-30","7000","call","659.4","655.9","662.9"
"2026-11-30","7075","call","598.45","595.1","601.8"
"2026-11-30","7100","call","577.5","574.1","580.9"
"2026-11-30","7125","call","557.5","554.2","560.8"
"2026-11-30","7175","call","518.45","515.2","521.7"
"2026-11-30","7200","call","498.95","495.9","502"
"2026-11-30","7225","call","480","479.5","480.5"
"2026-11-30","7250","call","460.9","460.4","461.4"
"2026-11-30","7275","call","442.3","441.8","442.8"
"2026-11-30","7300","call","423.8","423.3","424.3"
"2026-11-30","7310","call","416.4","415.9","416.9"
"2026-11-30","7325","call","512.3","511.7","512.9"
"2026-11-30","7340","call","394.45","393.9","395"
"2026-11-30","7350","call","387.4","386.9","387.9"
"2026-11-30","7360","call","380.1","377.3","382.9"
"2026-11-30","7370","call","373.4","372.9","373.9"
"2026-11-30","7375","call","369.7","369.2","370.2"
"2026-11-30","7380","call","366.15","365.6","366.7"
"2026-11-30","7390","call","359.1","356.3","361.9"
"2026-11-30","7400","call","352.5","352","353"
"2026-11-30","7410","call","345.6","345.1","346.1"
"2026-11-30","7425","call","335.15","334.5","335.8"
"2026-11-30","7430","call","331.75","329","334.5"
"2026-11-30","7440","call","325.05","322.3","327.8"
"2026-11-30","7450","call","318.4","315.8","321"
"2026-11-30","7460","call","312.2","311.7","312.7"
"2026-11-30","7470","call","302.65","301.9","303.4"
"2026-11-30","7475","call","302.20000000000005","301.1","303.3"
"2026-11-30","7480","call","299.25","298.7","299.8"
"2026-11-30","7490","call","292.85","292.3","293.4"
"2026-11-30","7500","call","286.35","285.8","286.9"
"2026-11-30","7510","call","280.15","279.6","280.7"
"2026-11-30","7520","call","274.05","273.5","274.6"
"2026-11-30","7525","call","270.95","270.4","271.5"
"2026-11-30","7530","call","267.85","267.3","268.4"
"2026-11-30","7540","call","261.8","261.3","262.3"
"2026-11-30","7550","call","255.6","255","256.2"
"2026-11-30","7560","call","249.85000000000002","249.3","250.4"
"2026-11-30","7570","call","243.95","243.4","244.5"
"2026-11-30","7575","call","241.05","240.5","241.6"
"2026-11-30","7580","call","199.64999999999998","199.1","200.2"
"2026-11-30","7590","call","232.35000000000002","231.8","232.9"
"2026-11-30","7600","call","226.8","226.3","227.3"
"2026-11-30","7610","call","221.1","220.6","221.6"
"2026-11-30","7620","call","215.7","215.2","216.2"
"2026-11-30","7625","call","212.95","212.4","213.5"
"2026-11-30","7630","call","210.25","209.7","210.8"
"2026-11-30","7640","call","204.85000000000002","204.3","205.4"
"2026-11-30","7650","call","199.6","199.1","200.1"
"2026-11-30","7660","call","194.4","193.9","194.9"
"2026-11-30","7670","call","189.3","188.8","189.8"
"2026-11-30","7675","call","186.7","186.2","187.2"
"2026-11-30","7680","call","184.35000000000002","183.8","184.9"
"2026-11-30","7690","call","179.3","178.8","179.8"
"2026-11-30","7700","call","174.4","173.9","174.9"
"2026-11-30","7710","call","169.6","169.1","170.1"
"2026-11-30","7720","call","156.14999999999998","155.7","156.6"
"2026-11-30","7725","call","162.6","162.1","163.1"
"2026-11-30","7730","call","160.1","159.6","160.6"
"2026-11-30","7740","call","155.7","155.2","156.2"
"2026-11-30","7750","call","151.14999999999998","150.6","151.7"
"2026-11-30","7775","call","140.45","139.5","141.4"
"2026-11-30","7800","call","130.1","129.6","130.6"
"2026-11-30","7825","call","120.4","119.9","120.9"
"2026-11-30","7850","call","111.2","110.7","111.7"
"2026-11-30","7875","call","102.55","102.1","103"
"2026-11-30","7900","call","94.25","93.8","94.7"
"2026-11-30","7925","call","86.8","86.3","87.3"
"2026-11-30","7950","call","79.7","79.2","80.2"
"2026-11-30","7975","call","73.05","72.6","73.5"
"2026-11-30","8000","call","66.80000000000001","66.4","67.2"
"2026-11-30","8025","call","61.150000000000006","60.7","61.6"
"2026-11-30","8050","call","55.849999999999994","55.4","56.3"
"2026-11-30","8075","call","50.9","50.5","51.3"
"2026-11-30","8100","call","46.349999999999994","45.9","46.8"
"2026-11-30","8125","call","42.1","41.7","42.5"
"2026-11-30","8150","call","38.3","37.9","38.7"
"2026-11-30","8175","call","34.75","34.4","35.1"
"2026-11-30","8200","call","31.5","31.1","31.9"
"2026-11-30","8225","call","28.549999999999997","28.2","28.9"
"2026-11-30","8250","call","25.85","25.5","26.2"
"2026-11-30","8275","call","23.4","23","23.8"
"2026-11-30","8300","call","21.1","20.8","21.4"
"2026-11-30","8350","call","17.25","16.9","17.6"
"2026-11-30","8400","call","14.100000000000001","13.8","14.4"
"2026-11-30","8450","call","11.55","11.3","11.8"
"2026-11-30","8500","call","9.5","9.2","9.8"
"2026-11-30","8600","call","6.55","6.3","6.8"
"2026-11-30","8700","call","4.6","4.4","4.8"
"2026-11-30","8800","call","3.35","3.2","3.5"
"2026-11-30","8900","call","2.55","2.4","2.7"
"2026-11-30","9000","call","2","1.85","2.15"
"2026-11-30","9100","call","1.625","1.45","1.8"
"2026-11-30","9200","call","1.325","1.15","1.5"
"2026-11-30","9400","call","0.9500000000000001","0.8","1.1"
"2026-11-30","3200","put","3.05","2.9","3.2"
"2026-11-30","3400","put","3.65","3.5","3.8"
"2026-11-30","3600","put","4.449999999999999","4.3","4.6"
"2026-11-30","3800","put","5.35","5.2","5.5"
"2026-11-30","4000","put","6.35","6.2","6.5"
"2026-11-30","4200","put","7.550000000000001","7.4","7.7"
"2026-11-30","4400","put","8.95","8.8","9.1"
"2026-11-30","4600","put","10.600000000000001","10.4","10.8"
"2026-11-30","4700","put","11.600000000000001","11.4","11.8"
"2026-11-30","4800","put","12.65","12.5","12.8"
"2026-11-30","4900","put","13.75","13.6","13.9"
"2026-11-30","5000","put","14.899999999999999","14.7","15.1"
"2026-11-30","5100","put","16.25","16","16.5"
"2026-11-30","5200","put","17.75","17.5","18"
"2026-11-30","5300","put","19.3","19.1","19.5"
"2026-11-30","5400","put","21.1","20.9","21.3"
"2026-11-30","5500","put","23.1","22.8","23.4"
"2026-11-30","5600","put","25.4","25.1","25.7"
"2026-11-30","5700","put","27.85","27.6","28.1"
"2026-11-30","5750","put","29.3","29","29.6"
"2026-11-30","5800","put","30.75","30.4","31.1"
"2026-11-30","5850","put","32.400000000000006","32.1","32.7"
"2026-11-30","5900","put","34.05","33.7","34.4"
"2026-11-30","5950","put","35.900000000000006","35.6","36.2"
"2026-11-30","6000","put","37.8","37.5","38.1"
"2026-11-30","6050","put","39.75","39.4","40.1"
"2026-11-30","6100","put","42","41.7","42.3"
"2026-11-30","6150","put","44.35","44","44.7"
"2026-11-30","6200","put","46.900000000000006","46.6","47.2"
"2026-11-30","6250","put","49.599999999999994","49.3","49.9"
"2026-11-30","6275","put","51.05","50.7","51.4"
"2026-11-30","6300","put","52.45","52.1","52.8"
"2026-11-30","6325","put","53.95","53.6","54.3"
"2026-11-30","6350","put","55.55","55.2","55.9"
"2026-11-30","6375","put","57.05","56.7","57.4"
"2026-11-30","6400","put","58.7","58.3","59.1"
"2026-11-30","6425","put","60.55","60.2","60.9"
"2026-11-30","6450","put","62.2","61.8","62.6"
"2026-11-30","6475","put","64.1","63.7","64.5"
"2026-11-30","6500","put","66","65.6","66.4"
"2026-11-30","6525","put","67.9","67.5","68.3"
"2026-11-30","6550","put","69.95","69.5","70.4"
"2026-11-30","6575","put","72.05","71.6","72.5"
"2026-11-30","6600","put","74.19999999999999","73.8","74.6"
"2026-11-30","6625","put","76.65","76.3","77"
"2026-11-30","6650","put","78.80000000000001","78.4","79.2"
"2026-11-30","6675","put","81.19999999999999","80.8","81.6"
"2026-11-30","6700","put","83.80000000000001","83.4","84.2"
"2026-11-30","6725","put","86.4","86","86.8"
"2026-11-30","6750","put","88.95","88.5","89.4"
"2026-11-30","6775","put","91.75","91.3","92.2"
"2026-11-30","6800","put","94.55","94.1","95"
"2026-11-30","6825","put","97.55","97.1","98"
"2026-11-30","6850","put","100.6","100.2","101"
"2026-11-30","6875","put","103.75","103.3","104.2"
"2026-11-30","6900","put","107.05","106.6","107.5"
"2026-11-30","6925","put","110.6","110.2","111"
"2026-11-30","6950","put","114","113.6","114.4"
"2026-11-30","6975","put","117.55","117.1","118"
"2026-11-30","7000","put","121.55","121.1","122"
"2026-11-30","7025","put","125.45","125","125.9"
"2026-11-30","7050","put","129.55","129.1","130"
"2026-11-30","7075","put","133.55","132.7","134.4"
"2026-11-30","7100","put","138","137.5","138.5"
"2026-11-30","7125","put","142.64999999999998","142.2","143.1"
"2026-11-30","7150","put","147.4","146.9","147.9"
"2026-11-30","7175","put","152.55","152.1","153"
"2026-11-30","7200","put","157.5","157","158"
"2026-11-30","7225","put","163","162.5","163.5"
"2026-11-30","7250","put","168.5","168","169"
"2026-11-30","7275","put","174.4","173.9","174.9"
"2026-11-30","7300","put","180.5","180","181"
"2026-11-30","7310","put","183.1","182.6","183.6"
"2026-11-30","7320","put","185.6","185.1","186.1"
"2026-11-30","7325","put","186.9","186.4","187.4"
"2026-11-30","7330","put","188.2","187.7","188.7"
"2026-11-30","7340","put","191","190.5","191.5"
"2026-11-30","7350","put","193.7","193.2","194.2"
"2026-11-30","7360","put","196.4","195.9","196.9"
"2026-11-30","7370","put","182.4","181.8","183"
"2026-11-30","7375","put","200.55","200","201.1"
"2026-11-30","7380","put","202.3","201.8","202.8"
"2026-11-30","7390","put","204.9","204.4","205.4"
"2026-11-30","7400","put","207.9","207.4","208.4"
"2026-11-30","7410","put","211","210.5","211.5"
"2026-11-30","7420","put","214","213.5","214.5"
"2026-11-30","7425","put","215.55","215.1","216"
"2026-11-30","7430","put","217","216.5","217.5"
"2026-11-30","7440","put","220.14999999999998","219.6","220.7"
"2026-11-30","7450","put","223.5","223","224"
"2026-11-30","7460","put","226.64999999999998","226.1","227.2"
"2026-11-30","7470","put","230.2","229.7","230.7"
"2026-11-30","7475","put","231.8","231.3","232.3"
"2026-11-30","7480","put","233.6","233.1","234.1"
"2026-11-30","7490","put","236.95","236.4","237.5"
"2026-11-30","7500","put","240.5","240","241"
"2026-11-30","7510","put","244.2","243.7","244.7"
"2026-11-30","7520","put","247.8","246.8","248.8"
"2026-11-30","7525","put","249.7","249.2","250.2"
"2026-11-30","7530","put","251.4","250.9","251.9"
"2026-11-30","7540","put","255.2","254.7","255.7"
"2026-11-30","7550","put","259.2","258.7","259.7"
"2026-11-30","7560","put","263","262.5","263.5"
"2026-11-30","7570","put","291.55","291.1","292"
"2026-11-30","7575","put","269.1","268.6","269.6"
"2026-11-30","7580","put","271.1","270.6","271.6"
"2026-11-30","7590","put","275.05","274.5","275.6"
"2026-11-30","7600","put","279.45","278.4","280.5"
"2026-11-30","7610","put","283.55","283","284.1"
"2026-11-30","7620","put","288","287.5","288.5"
"2026-11-30","7625","put","290.25","289.7","290.8"
"2026-11-30","7630","put","344.55","344","345.1"
"2026-11-30","7640","put","297.05","296.5","297.6"
"2026-11-30","7650","put","301.6","301.1","302.1"
"2026-11-30","7660","put","306.1","305.5","306.7"
"2026-11-30","7670","put","310.7","308","313.4"
"2026-11-30","7675","put","313.4","312.9","313.9"
"2026-11-30","7680","put","315.75","315.2","316.3"
"2026-11-30","7690","put","320.79999999999995","320.2","321.4"
"2026-11-30","7700","put","325.75","325.2","326.3"
"2026-11-30","7710","put","330.7","330.2","331.2"
"2026-11-30","7720","put","363.5","363","364"
"2026-11-30","7725","put","338.6","338","339.2"
"2026-11-30","7730","put","300.65","300","301.3"
"2026-11-30","7740","put","405.25","404.7","405.8"
"2026-11-30","7750","put","351.7","351.2","352.2"
"2026-11-30","7775","put","365.7","365.2","366.2"
"2026-11-30","7800","put","380.1","379.6","380.6"
"2026-11-30","7825","put","394.95","392","397.9"
"2026-11-30","7975","put","567.6500000000001","564.1","571.2"
"2027-03-31","4200","call","3364.9","3356.3","3373.5"
"2027-03-31","4500","call","3079.1","3070.5","3087.7"
"2027-03-31","5000","call","2606","2597.3","2614.7"
"2027-03-31","5200","call","2418.3","2409.6","2427"
"2027-03-31","5400","call","2232.05","2223.4","2240.7"
"2027-03-31","5500","call","2139.5","2130.8","2148.2"
"2027-03-31","5600","call","2048.3","2038.7","2057.9"
"2027-03-31","5610","call","2007","1995","2019"
"2027-03-31","5615","call","2034.5","2024.9","2044.1"
"2027-03-31","5800","call","1865.6","1856","1875.2"
"2027-03-31","5900","call","1773.0500000000002","1767.9","1778.2"
"2027-03-31","6000","call","1683.4499999999998","1678.3","1688.6"
"2027-03-31","6225","call","1483.8000000000002","1478.9","1488.7"
"2027-03-31","6250","call","1516.25","1504.9","1527.6"
"2027-03-31","6280","call","1461.05","1456.6","1465.5"
"2027-03-31","6330","call","1418.4499999999998","1413.8","1423.1"
"2027-03-31","6400","call","1332.85","1328.8","1336.9"
"2027-03-31","6425","call","1328.5500000000002","1324.4","1332.7"
"2027-03-31","6450","call","1308.0500000000002","1303.9","1312.2"
"2027-03-31","6500","call","1302.8","1291.5","1314.1"
"2027-03-31","6525","call","1246.9","1242.8","1251"
"2027-03-31","6530","call","1220.85","1216.3","1225.4"
"2027-03-31","6550","call","1237.7","1233.7","1241.7"
"2027-03-31","6575","call","1182.95","1178.4","1187.5"
"2027-03-31","6585","call","1174.55","1170","1179.1"
"2027-03-31","6590","call","1201.9","1196.5","1207.3"
"2027-03-31","6600","call","1162","1157.5","1166.5"
"2027-03-31","6605","call","1190.6","1184.2","1197"
"2027-03-31","6610","call","1153.9499999999998","1149.8","1158.1"
"2027-03-31","6615","call","1149.45","1144.9","1154"
"2027-03-31","6620","call","1178.75","1172.8","1184.7"
"2027-03-31","6650","call","1177.9","1166.6","1189.2"
"2027-03-31","6690","call","1123.1","1117.8","1128.4"
"2027-03-31","6695","call","1120.2","1114.2","1126.2"
"2027-03-31","6700","call","1136.9","1125.6","1148.2"
"2027-03-31","6710","call","1071.1","1067.1","1075.1"
"2027-03-31","6735","call","1088.7","1082.4","1095"
"2027-03-31","6750","call","1039.0500000000002","1034.9","1043.2"
"2027-03-31","6760","call","1029.6","1025.1","1034.1"
"2027-03-31","6785","call","1010.6","1006.5","1014.7"
"2027-03-31","6800","call","997.1","992.7","1001.5"
"2027-03-31","6820","call","1022.8","1017.6","1028"
"2027-03-31","6825","call","976.9","972.5","981.3"
"2027-03-31","6830","call","972.95","968.6","977.3"
"2027-03-31","6845","call","962.1","958","966.2"
"2027-03-31","6850","call","943.5","931.5","955.5"
"2027-03-31","6855","call","978.9","973.4","984.4"
"2027-03-31","6870","call","941.6500000000001","937.2","946.1"
"2027-03-31","6875","call","981.5999999999999","975.9","987.3"
"2027-03-31","6880","call","1048.4","1044.2","1052.6"
"2027-03-31","6890","call","959.45","955.7","963.2"
"2027-03-31","6900","call","916.95","912.6","921.3"
"2027-03-31","6905","call","941.6500000000001","935.7","947.6"
"2027-03-31","6910","call","909.4","905.4","913.4"
"2027-03-31","6925","call","943.6","938.5","948.7"
"2027-03-31","6930","call","893.2","888.9","897.5"
"2027-03-31","6935","call","925.3","921.6","929"
"2027-03-31","6940","call","885.3","881","889.6"
"2027-03-31","6955","call","873.55","869.3","877.8"
"2027-03-31","6960","call","869.75","865.6","873.9"
"2027-03-31","6965","call","865.75","861.5","870"
"2027-03-31","6970","call","921.95","911","932.9"
"2027-03-31","6975","call","907.05","901.4","912.7"
"2027-03-31","6980","call","882.05","879.6","884.5"
"2027-03-31","6985","call","850.15","846","854.3"
"2027-03-31","6990","call","833.95","830.7","837.2"
"2027-03-31","7000","call","839.2","834.9","843.5"
"2027-03-31","7010","call","830.7","826.5","834.9"
"2027-03-31","7015","call","827.8","823.8","831.8"
"2027-03-31","7020","call","759.55","755.4","763.7"
"2027-03-31","7025","call","932.95","928.9","937"
"2027-03-31","7030","call","815.35","811.2","819.5"
"2027-03-31","7040","call","808.55","804.6","812.5"
"2027-03-31","7050","call","800.65","796.4","804.9"
"2027-03-31","7060","call","792.3","788.2","796.4"
"2027-03-31","7070","call","784.7","780.6","788.8"
"2027-03-31","7080","call","809.45","806.9","812"
"2027-03-31","7090","call","810.75","809.2","812.3"
"2027-03-31","7100","call","762.65","758.5","766.8"
"2027-03-31","7110","call","754.7","751","758.4"
"2027-03-31","7120","call","807.15","795.8","818.5"
"2027-03-31","7130","call","739.15","735.3","743"
"2027-03-31","7140","call","671.7","671","672.4"
"2027-03-31","7150","call","724.3","720.4","728.2"
"2027-03-31","7160","call","718.05","717.4","718.7"
"2027-03-31","7170","call","710.7","710","711.4"
"2027-03-31","7180","call","703.25","702.6","703.9"
"2027-03-31","7190","call","738.95","737.2","740.7"
"2027-03-31","7200","call","688.4000000000001","687.7","689.1"
"2027-03-31","7210","call","681.2","680.5","681.9"
"2027-03-31","7220","call","711.0999999999999","708.4","713.8"
"2027-03-31","7230","call","775.3499999999999","771.3","779.4"
"2027-03-31","7240","call","600.3","599.6","601"
"2027-03-31","7250","call","652.0999999999999","651.4","652.8"
"2027-03-31","7260","call","644.75","644","645.5"
"2027-03-31","7270","call","676.85","674","679.7"
"2027-03-31","7280","call","738.95","738.1","739.8"
"2027-03-31","7290","call","663.4","660.5","666.3"
"2027-03-31","7300","call","616.3","615.6","617"
"2027-03-31","7305","call","612.7","609","616.4"
"2027-03-31","7310","call","609.2","608.5","609.9"
"2027-03-31","7315","call","605.7","605","606.4"
"2027-03-31","7320","call","602.05","601.3","602.8"
"2027-03-31","7325","call","598.5999999999999","597.9","599.3"
"2027-03-31","7330","call","595.05","591.3","598.8"
"2027-03-31","7335","call","639.35","637.7","641"
"2027-03-31","7340","call","588.2","584.5","591.9"
"2027-03-31","7345","call","718.5","718","719"
"2027-03-31","7350","call","581.0999999999999","580.3","581.9"
"2027-03-31","7355","call","711.75","711.2","712.3"
"2027-03-31","7360","call","622.65","621","624.3"
"2027-03-31","7365","call","705.35","704.7","706"
"2027-03-31","7370","call","700.6","700","701.2"
"2027-03-31","7375","call","563.9000000000001","563.2","564.6"
"2027-03-31","7380","call","560.5","559.8","561.2"
"2027-03-31","7385","call","557","556.3","557.7"
"2027-03-31","7390","call","553.75","553","554.5"
"2027-03-31","7395","call","550.2","549.5","550.9"
"2027-03-31","7400","call","546.8","546.1","547.5"
"2027-03-31","7405","call","543.4000000000001","542.7","544.1"
"2027-03-31","7410","call","581.95","580.8","583.1"
"2027-03-31","7415","call","581.6500000000001","578.6","584.7"
"2027-03-31","7420","call","533.45","532.7","534.2"
"2027-03-31","7425","call","530.05","529.3","530.8"
"2027-03-31","7430","call","526.45","525.7","527.2"
"2027-03-31","7435","call","569.0999999999999","566.3","571.9"
"2027-03-31","7440","call","653.3","652.6","654"
"2027-03-31","7445","call","516.65","515.9","517.4"
"2027-03-31","7450","call","513.25","512.5","514"
"2027-03-31","7455","call","510.1","509.3","510.9"
"2027-03-31","7460","call","506.8","506","507.6"
"2027-03-31","7465","call","550.3","547.5","553.1"
"2027-03-31","7470","call","500.15","499.4","500.9"
"2027-03-31","7475","call","496.7","495.9","497.5"
"2027-03-31","7480","call","493.5","492.8","494.2"
"2027-03-31","7485","call","475.29999999999995","474.7","475.9"
"2027-03-31","7490","call","487.1","486.4","487.8"
"2027-03-31","7495","call","468.9","468.2","469.6"
"2027-03-31","7500","call","480.65","479.9","481.4"
"2027-03-31","7505","call","519.45","518.1","520.8"
"2027-03-31","7510","call","534.3","533.1","535.5"
"2027-03-31","7515","call","519.45","516.4","522.5"
"2027-03-31","7520","call","467.65","466.9","468.4"
"2027-03-31","7525","call","464.5","463.8","465.2"
"2027-03-31","7530","call","461.3","460.6","462"
"2027-03-31","7535","call","497.65","496.3","499"
"2027-03-31","7540","call","440.79999999999995","440.2","441.4"
"2027-03-31","7545","call","501.7","498.9","504.5"
"2027-03-31","7550","call","448.7","448","449.4"
"2027-03-31","7555","call","445.6","444.9","446.3"
"2027-03-31","7560","call","442.45","441.7","443.2"
"2027-03-31","7565","call","425.5","424.9","426.1"
"2027-03-31","7570","call","496.25","495.1","497.4"
"2027-03-31","7575","call","433.1","432.4","433.8"
"2027-03-31","7580","call","430","429.3","430.7"
"2027-03-31","7585","call","379.1","378.4","379.8"
"2027-03-31","7590","call","523.95","523.1","524.8"
"2027-03-31","7595","call","493.1","491.2","495"
"2027-03-31","7600","call","417.8","417.1","418.5"
"2027-03-31","7605","call","367.6","366.9","368.3"
"2027-03-31","7610","call","411.85","411.1","412.6"
"2027-03-31","7615","call","463.45","461.7","465.2"
"2027-03-31","7620","call","405.9","405.1","406.7"
"2027-03-31","7625","call","402.75","402","403.5"
"2027-03-31","7630","call","452.35","449.5","455.2"
"2027-03-31","7635","call","439.25","438.2","440.3"
"2027-03-31","7640","call","436.65","435.5","437.8"
"2027-03-31","7645","call","444","441.2","446.8"
"2027-03-31","7650","call","388","387.3","388.7"
"2027-03-31","7655","call","385.2","384.4","386"
"2027-03-31","7660","call","382.1","381.4","382.8"
"2027-03-31","7665","call","432.95000000000005","430.1","435.8"
"2027-03-31","7670","call","376.45","375.7","377.2"
"2027-03-31","7675","call","373.5","372.8","374.2"
"2027-03-31","7680","call","424.65","421.8","427.5"
"2027-03-31","7685","call","442.2","440.4","444"
"2027-03-31","7690","call","364.8","364","365.6"
"2027-03-31","7695","call","318.15","317.4","318.9"
"2027-03-31","7700","call","359.35","358.6","360.1"
"2027-03-31","7705","call","356.5","355.7","357.3"
"2027-03-31","7710","call","393.29999999999995","392.2","394.4"
"2027-03-31","7715","call","426.65","424.9","428.4"
"2027-03-31","7720","call","348.15","347.4","348.9"
"2027-03-31","7725","call","345.2","344.5","345.9"
"2027-03-31","7730","call","342.45","341.7","343.2"
"2027-03-31","7735","call","339.7","339","340.4"
"2027-03-31","7740","call","337.1","336.3","337.9"
"2027-03-31","7745","call","334.25","333.5","335"
"2027-03-31","7750","call","331.5","330.8","332.2"
"2027-03-31","7755","call","328.9","328.1","329.7"
"2027-03-31","7760","call","326.25","325.5","327"
"2027-03-31","7765","call","323.75","322.6","324.9"
"2027-03-31","7770","call","320.85","320","321.7"
"2027-03-31","7775","call","318.15","317.4","318.9"
"2027-03-31","7780","call","315.65","314.9","316.4"
"2027-03-31","7785","call","355","353.9","356.1"
"2027-03-31","7790","call","367.5","365.8","369.2"
"2027-03-31","7795","call","307.65","306.9","308.4"
"2027-03-31","7800","call","305.05","304.3","305.8"
"2027-03-31","7805","call","379.65","378.1","381.2"
"2027-03-31","7810","call","390.4","389.5","391.3"
"2027-03-31","7815","call","339.35","338.4","340.3"
"2027-03-31","7820","call","294.8","294","295.6"
"2027-03-31","7825","call","292.4","291.7","293.1"
"2027-03-31","7830","call","289.8","289.1","290.5"
"2027-03-31","7835","call","287.25","286.5","288"
"2027-03-31","7840","call","284.7","283.9","285.5"
"2027-03-31","7845","call","282.4","281.6","283.2"
"2027-03-31","7850","call","279.95","279.2","280.7"
"2027-03-31","7855","call","333.6","332.5","334.7"
"2027-03-31","7860","call","352","350.3","353.7"
"2027-03-31","7870","call","270.15","269.4","270.9"
"2027-03-31","7875","call","267.75","267","268.5"
"2027-03-31","7880","call","323","321.3","324.7"
"2027-03-31","7890","call","260.65","259.9","261.4"
"2027-03-31","7900","call","255.8","255.1","256.5"
"2027-03-31","7910","call","215.95","215.3","216.6"
"2027-03-31","7920","call","246.39999999999998","245.7","247.1"
"2027-03-31","7925","call","244.3","243.6","245"
"2027-03-31","7930","call","241.95","241.3","242.6"
"2027-03-31","7940","call","237.65","236.9","238.4"
"2027-03-31","7950","call","233.2","232.5","233.9"
"2027-03-31","7960","call","228.89999999999998","228.2","229.6"
"2027-03-31","7970","call","224.55","223.8","225.3"
"2027-03-31","7975","call","222.3","221.6","223"
"2027-03-31","7980","call","220.3","219.6","221"
"2027-03-31","7990","call","216.10000000000002","215.4","216.8"
"2027-03-31","8000","call","211.7","211","212.4"
"2027-03-31","8010","call","207.85","207.1","208.6"
"2027-03-31","8020","call","203.75","203","204.5"
"2027-03-31","8025","call","201.8","201.1","202.5"
"2027-03-31","8030","call","199.7","199","200.4"
"2027-03-31","8040","call","195.75","195.1","196.4"
"2027-03-31","8050","call","191.85","191.2","192.5"
"2027-03-31","8060","call","188.2","187.5","188.9"
"2027-03-31","8070","call","184.39999999999998","183.7","185.1"
"2027-03-31","8075","call","182.5","181.8","183.2"
"2027-03-31","8080","call","180.60000000000002","179.9","181.3"
"2027-03-31","8090","call","177","176.3","177.7"
"2027-03-31","8100","call","173.39999999999998","172.7","174.1"
"2027-03-31","8125","call","164.55","163.9","165.2"
"2027-03-31","8150","call","156.10000000000002","155.4","156.8"
"2027-03-31","8175","call","148.1","147.5","148.7"
"2027-03-31","8200","call","140.35","139.7","141"
"2027-03-31","8225","call","133.05","132.4","133.7"
"2027-03-31","8250","call","125.9","125.2","126.6"
"2027-03-31","8300","call","112.75","112.1","113.4"
"2027-03-31","8350","call","100.65","100.1","101.2"
"2027-03-31","8400","call","89.5","88.9","90.1"
"2027-03-31","8450","call","79.75","79.2","80.3"
"2027-03-31","8500","call","70.75","70.2","71.3"
"2027-03-31","8550","call","62.7","62.2","63.2"
"2027-03-31","8600","call","55.4","54.9","55.9"
"2027-03-31","8700","call","43","42.6","43.4"
"2027-03-31","8800","call","33.15","32.8","33.5"
"2027-03-31","8900","call","25.4","25.1","25.7"
"2027-03-31","9000","call","19.5","19.2","19.8"
"2027-03-31","9100","call","15","14.7","15.3"
"2027-03-31","9200","call","11.5","11.2","11.8"
"2027-03-31","9300","call","8.899999999999999","8.6","9.2"
"2027-03-31","9400","call","7","6.7","7.3"
"2027-03-31","9600","call","4.5","4.3","4.7"
"2027-03-31","2800","put","7.3","7.1","7.5"
"2027-03-31","3000","put","8.7","8.5","8.9"
"2027-03-31","3200","put","10.3","10.1","10.5"
"2027-03-31","3300","put","11.2","11","11.4"
"2027-03-31","3400","put","12.15","11.9","12.4"
"2027-03-31","3500","put","13.100000000000001","12.9","13.3"
"2027-03-31","3600","put","14.2","14","14.4"
"2027-03-31","3700","put","15.3","15.1","15.5"
"2027-03-31","3800","put","16.55","16.3","16.8"
"2027-03-31","3900","put","17.8","17.6","18"
"2027-03-31","4000","put","19.2","19","19.4"
"2027-03-31","4100","put","20.6","20.4","20.8"
"2027-03-31","4200","put","22.15","21.9","22.4"
"2027-03-31","4300","put","23.8","23.5","24.1"
"2027-03-31","4400","put","25.6","25.3","25.9"
"2027-03-31","4500","put","27.45","27.2","27.7"
"2027-03-31","4600","put","29.549999999999997","29.2","29.9"
"2027-03-31","4650","put","30.65","30.3","31"
"2027-03-31","4700","put","31.75","31.4","32.1"
"2027-03-31","4750","put","32.95","32.6","33.3"
"2027-03-31","4800","put","34.2","33.9","34.5"
"2027-03-31","4850","put","35.5","35.2","35.8"
"2027-03-31","4900","put","36.85","36.5","37.2"
"2027-03-31","4950","put","38.15","37.8","38.5"
"2027-03-31","5000","put","39.7","39.4","40"
"2027-03-31","5050","put","41.25","40.9","41.6"
"2027-03-31","5100","put","42.8","42.4","43.2"
"2027-03-31","5150","put","44.5","44.1","44.9"
"2027-03-31","5200","put","46.2","45.8","46.6"
"2027-03-31","5250","put","48.1","47.7","48.5"
"2027-03-31","5300","put","49.95","49.6","50.3"
"2027-03-31","5350","put","51.9","51.5","52.3"
"2027-03-31","5400","put","54.1","53.7","54.5"
"2027-03-31","5450","put","56.3","55.9","56.7"
"2027-03-31","5500","put","58.55","58.1","59"
"2027-03-31","5525","put","59.8","59.4","60.2"
"2027-03-31","5550","put","60.95","60.5","61.4"
"2027-03-31","5575","put","62.25","61.8","62.7"
"2027-03-31","5600","put","63.55","63.1","64"
"2027-03-31","5605","put","63.8","63.3","64.3"
"2027-03-31","5610","put","66.35","65.8","66.9"
"2027-03-31","5625","put","64.9","64.4","65.4"
"2027-03-31","5630","put","65.15","64.7","65.6"
"2027-03-31","5635","put","65.35","64.9","65.8"
"2027-03-31","5640","put","65.7","65.2","66.2"
"2027-03-31","5645","put","65.95","65.5","66.4"
"2027-03-31","5650","put","66.2","65.7","66.7"
"2027-03-31","5655","put","76.1","75.7","76.5"
"2027-03-31","5660","put","105.19999999999999","104.1","106.3"
"2027-03-31","5665","put","109.05000000000001","107.2","110.9"
"2027-03-31","5670","put","67.3","66.8","67.8"
"2027-03-31","5675","put","67.65","67.2","68.1"
"2027-03-31","5680","put","67.9","67.4","68.4"
"2027-03-31","5685","put","68.2","67.7","68.7"
"2027-03-31","5690","put","70.5","70.1","70.9"
"2027-03-31","5695","put","78.05000000000001","77.2","78.9"
"2027-03-31","5700","put","69","68.6","69.4"
"2027-03-31","5705","put","76.69999999999999","76.3","77.1"
"2027-03-31","5710","put","79.05000000000001","78.2","79.9"
"2027-03-31","5715","put","69.95","69.5","70.4"
"2027-03-31","5720","put","70.19999999999999","69.8","70.6"
"2027-03-31","5725","put","70.5","70.1","70.9"
"2027-03-31","5730","put","70.80000000000001","70.4","71.2"
"2027-03-31","5735","put","73.65","73.1","74.2"
"2027-03-31","5740","put","79.9","79.5","80.3"
"2027-03-31","5745","put","71.65","71.2","72.1"
"2027-03-31","5750","put","71.95","71.5","72.4"
"2027-03-31","5755","put","72.25","71.8","72.7"
"2027-03-31","5760","put","72.5","72","73"
"2027-03-31","5765","put","75.05000000000001","74.7","75.4"
"2027-03-31","5770","put","73.1","72.6","73.6"
"2027-03-31","5775","put","73.4","72.9","73.9"
"2027-03-31","5780","put","83.94999999999999","83.3","84.6"
"2027-03-31","5785","put","83","82.6","83.4"
"2027-03-31","5790","put","74.35","73.9","74.8"
"2027-03-31","5795","put","74.65","74.2","75.1"
"2027-03-31","5800","put","75","74.6","75.4"
"2027-03-31","5810","put","75.6","75.1","76.1"
"2027-03-31","5815","put","85.1","84.7","85.5"
"2027-03-31","5820","put","76.25","75.8","76.7"
"2027-03-31","5825","put","76.55","76.1","77"
"2027-03-31","5830","put","76.95","76.5","77.4"
"2027-03-31","5835","put","77.35","76.9","77.8"
"2027-03-31","5840","put","77.65","77.2","78.1"
"2027-03-31","5845","put","77.85","77.4","78.3"
"2027-03-31","5850","put","78.2","77.7","78.7"
"2027-03-31","5855","put","85.85","85.1","86.6"
"2027-03-31","5860","put","78.85","78.4","79.3"
"2027-03-31","5865","put","86.4","85.7","87.1"
"2027-03-31","5870","put","79.55","79.1","80"
"2027-03-31","5875","put","79.85","79.4","80.3"
"2027-03-31","5880","put","80.2","79.7","80.7"
"2027-03-31","5890","put","80.9","80.4","81.4"
"2027-03-31","5900","put","81.55","81.1","82"
"2027-03-31","5910","put","94.19999999999999","93.8","94.6"
"2027-03-31","5920","put","93.4","92.8","94"
"2027-03-31","5925","put","83.3","82.8","83.8"
"2027-03-31","5930","put","83.65","83.2","84.1"
"2027-03-31","5940","put","84.45","84","84.9"
"2027-03-31","5950","put","85.1","84.6","85.6"
"2027-03-31","5960","put","85.8","85.3","86.3"
"2027-03-31","5970","put","86.55","86.1","87"
"2027-03-31","5975","put","89.6","89.2","90"
"2027-03-31","5980","put","87.3","86.8","87.8"
"2027-03-31","5990","put","88.1","87.6","88.6"
"2027-03-31","6000","put","88.95","88.5","89.4"
"2027-03-31","6010","put","123.65","122.4","124.9"
"2027-03-31","6020","put","90.35","89.9","90.8"
"2027-03-31","6025","put","90.75","90.2","91.3"
"2027-03-31","6030","put","101","97.3","104.7"
"2027-03-31","6040","put","96.65","94.3","99"
"2027-03-31","6050","put","92.7","92.2","93.2"
"2027-03-31","6060","put","105.05","104.6","105.5"
"2027-03-31","6075","put","94.75","94.2","95.3"
"2027-03-31","6090","put","95.95","95.5","96.4"
"2027-03-31","6100","put","96.8","96.3","97.3"
"2027-03-31","6125","put","98.9","98.4","99.4"
"2027-03-31","6150","put","101.05","100.5","101.6"
"2027-03-31","6175","put","116.1","115.6","116.6"
"2027-03-31","6200","put","105.55","105","106.1"
"2027-03-31","6210","put","109.65","109.2","110.1"
"2027-03-31","6220","put","110.5","110.1","110.9"
"2027-03-31","6225","put","107.85","107.3","108.4"
"2027-03-31","6230","put","165.1","163.7","166.5"
"2027-03-31","6235","put","149.05","147.7","150.4"
"2027-03-31","6240","put","109.3","108.8","109.8"
"2027-03-31","6250","put","119.55000000000001","118.7","120.4"
"2027-03-31","6255","put","110.8","110.3","111.3"
"2027-03-31","6260","put","152.15","150.8","153.5"
"2027-03-31","6265","put","152.75","151.4","154.1"
"2027-03-31","6275","put","126.05000000000001","125.4","126.7"
"2027-03-31","6280","put","113.15","112.6","113.7"
"2027-03-31","6285","put","113.7","113.2","114.2"
"2027-03-31","6290","put","114.15","113.6","114.7"
"2027-03-31","6300","put","115.3","114.8","115.8"
"2027-03-31","6310","put","116.25","115.7","116.8"
"2027-03-31","6315","put","116.75","116.2","117.3"
"2027-03-31","6325","put","117.8","117.3","118.3"
"2027-03-31","6330","put","118.3","117.8","118.8"
"2027-03-31","6335","put","118.9","118.4","119.4"
"2027-03-31","6340","put","119.35","118.8","119.9"
"2027-03-31","6345","put","123.2","122.7","123.7"
"2027-03-31","6350","put","120.4","119.9","120.9"
"2027-03-31","6360","put","121.4","120.9","121.9"
"2027-03-31","6365","put","122","121.5","122.5"
"2027-03-31","6370","put","122.5","122","123"
"2027-03-31","6375","put","123","122.4","123.6"
"2027-03-31","6380","put","168.05","166.7","169.4"
"2027-03-31","6385","put","134.1","133.2","135"
"2027-03-31","6390","put","124.65","124.1","125.2"
"2027-03-31","6395","put","137.39999999999998","136.7","138.1"
"2027-03-31","6400","put","125.85","125.3","126.4"
"2027-03-31","6405","put","126.45","125.9","127"
"2027-03-31","6410","put","136.25","135.8","136.7"
"2027-03-31","6415","put","127.5","127","128"
"2027-03-31","6420","put","128","127.4","128.6"
"2027-03-31","6425","put","128.64999999999998","128.1","129.2"
"2027-03-31","6430","put","129.14999999999998","128.6","129.7"
"2027-03-31","6435","put","129.7","129.1","130.3"
"2027-03-31","6440","put","130.3","129.8","130.8"
"2027-03-31","6445","put","130.85000000000002","130.3","131.4"
"2027-03-31","6450","put","131.45","130.9","132"
"2027-03-31","6455","put","142.45","141.6","143.3"
"2027-03-31","6460","put","132.6","132","133.2"
"2027-03-31","6465","put","133.35000000000002","132.8","133.9"
"2027-03-31","6470","put","150.45","149.9","151"
"2027-03-31","6475","put","134.45","133.9","135"
"2027-03-31","6480","put","153.7","153.3","154.1"
"2027-03-31","6485","put","135.55","135","136.1"
"2027-03-31","6490","put","136.25","135.7","136.8"
"2027-03-31","6495","put","147.15","146.3","148"
"2027-03-31","6500","put","137.4","136.8","138"
"2027-03-31","6510","put","155.8","155.3","156.3"
"2027-03-31","6515","put","149.3","148.8","149.8"
"2027-03-31","6520","put","139.95","139.4","140.5"
"2027-03-31","6525","put","140.5","139.9","141.1"
"2027-03-31","6530","put","141.1","140.5","141.7"
"2027-03-31","6535","put","141.75","141.2","142.3"
"2027-03-31","6540","put","142.45","141.9","143"
"2027-03-31","6545","put","156.8","156.1","157.5"
"2027-03-31","6550","put","143.64999999999998","143.1","144.2"
"2027-03-31","6560","put","155.7","154.8","156.6"
"2027-03-31","6565","put","161.7","161.3","162.1"
"2027-03-31","6570","put","146.2","145.6","146.8"
"2027-03-31","6575","put","146.95","146.4","147.5"
"2027-03-31","6580","put","147.5","146.9","148.1"
"2027-03-31","6585","put","148.14999999999998","147.6","148.7"
"2027-03-31","6590","put","148.8","148.2","149.4"
"2027-03-31","6595","put","146.45","145.7","147.2"
"2027-03-31","6600","put","150.14999999999998","149.6","150.7"
"2027-03-31","6605","put","150.85000000000002","150.3","151.4"
"2027-03-31","6610","put","151.5","150.9","152.1"
"2027-03-31","6615","put","152.25","151.7","152.8"
"2027-03-31","6620","put","152.9","152.3","153.5"
"2027-03-31","6625","put","153.55","153","154.1"
"2027-03-31","6630","put","154.2","153.6","154.8"
"2027-03-31","6635","put","155","154.4","155.6"
"2027-03-31","6640","put","155.6","155","156.2"
"2027-03-31","6645","put","156.3","155.7","156.9"
"2027-03-31","6650","put","157","156.4","157.6"
"2027-03-31","6655","put","157.7","157.1","158.3"
"2027-03-31","6660","put","158.4","157.8","159"
"2027-03-31","6665","put","159.1","158.5","159.7"
"2027-03-31","6670","put","159.9","159.3","160.5"
"2027-03-31","6675","put","160.55","160","161.1"
"2027-03-31","6680","put","161.25","160.7","161.8"
"2027-03-31","6685","put","162.05","161.5","162.6"
"2027-03-31","6695","put","163.45","162.9","164"
"2027-03-31","6700","put","164.15","163.5","164.8"
"2027-03-31","6705","put","165.05","164.5","165.6"
"2027-03-31","6710","put","165.8","165.2","166.4"
"2027-03-31","6715","put","166.35","165.7","167"
"2027-03-31","6720","put","167.25","166.6","167.9"
"2027-03-31","6725","put","167.95","167.4","168.5"
"2027-03-31","6730","put","168.75","168.1","169.4"
"2027-03-31","6735","put","169.45","168.9","170"
"2027-03-31","6740","put","170.2","169.6","170.8"
"2027-03-31","6745","put","170.9","170.3","171.5"
"2027-03-31","6750","put","171.75","171.1","172.4"
"2027-03-31","6755","put","172.45","171.9","173"
"2027-03-31","6760","put","229.05","227.6","230.5"
"2027-03-31","6765","put","169.45","168.7","170.2"
"2027-03-31","6770","put","170.15","169.4","170.9"
"2027-03-31","6775","put","175.5","174.9","176.1"
"2027-03-31","6780","put","197.05","196.6","197.5"
"2027-03-31","6785","put","177.3","176.7","177.9"
"2027-03-31","6790","put","177.9","177.3","178.5"
"2027-03-31","6800","put","179.6","179","180.2"
"2027-03-31","6810","put","181.14999999999998","180.6","181.7"
"2027-03-31","6815","put","181.95","181.3","182.6"
"2027-03-31","6825","put","183.65","183","184.3"
"2027-03-31","6830","put","184.5","183.9","185.1"
"2027-03-31","6835","put","180.10000000000002","179.4","180.8"
"2027-03-31","6840","put","186.15","185.5","186.8"
"2027-03-31","6845","put","186.95","186.4","187.5"
"2027-03-31","6850","put","187.75","187.1","188.4"
"2027-03-31","6855","put","188.7","188.1","189.3"
"2027-03-31","6860","put","189.45","188.9","190"
"2027-03-31","6865","put","190.35","189.7","191"
"2027-03-31","6870","put","191.14999999999998","190.6","191.7"
"2027-03-31","6875","put","192.05","191.5","192.6"
"2027-03-31","6880","put","187.10000000000002","186.3","187.9"
"2027-03-31","6885","put","253.3","251.8","254.8"
"2027-03-31","6890","put","194.6","194","195.2"
"2027-03-31","6895","put","195.55","195","196.1"
"2027-03-31","6900","put","196.45","195.8","197.1"
"2027-03-31","6905","put","197.3","196.7","197.9"
"2027-03-31","6910","put","198.25","197.7","198.8"
"2027-03-31","6915","put","259.5","258","261"
"2027-03-31","6920","put","200.05","199.5","200.6"
"2027-03-31","6925","put","201","200.4","201.6"
"2027-03-31","6930","put","201.8","201.2","202.4"
"2027-03-31","6935","put","216.6","216.1","217.1"
"2027-03-31","6940","put","203.8","203.2","204.4"
"2027-03-31","6945","put","208.25","207.7","208.8"
"2027-03-31","6950","put","205.5","204.9","206.1"
"2027-03-31","6955","put","267.95","266.4","269.5"
"2027-03-31","6960","put","221.45","220.9","222"
"2027-03-31","6965","put","208.35000000000002","207.8","208.9"
"2027-03-31","6970","put","209.2","208.6","209.8"
"2027-03-31","6975","put","210.2","209.6","210.8"
"2027-03-31","6980","put","211.1","210.5","211.7"
"2027-03-31","6985","put","212.1","211.5","212.7"
"2027-03-31","6990","put","213.10000000000002","212.4","213.8"
"2027-03-31","6995","put","214.05","213.4","214.7"
"2027-03-31","7000","put","215","214.4","215.6"
"2027-03-31","7005","put","216.1","215.5","216.7"
"2027-03-31","7010","put","243.05","242.5","243.6"
"2027-03-31","7015","put","217.95","217.3","218.6"
"2027-03-31","7020","put","218.95","218.3","219.6"
"2027-03-31","7025","put","219.95","219.3","220.6"
"2027-03-31","7030","put","220.9","220.3","221.5"
"2027-03-31","7040","put","222.95","222.3","223.6"
"2027-03-31","7050","put","224.95","224.3","225.6"
"2027-03-31","7060","put","227.05","226.4","227.7"
"2027-03-31","7070","put","229.3","228.7","229.9"
"2027-03-31","7080","put","231.2","230.5","231.9"
"2027-03-31","7090","put","233.5","232.9","234.1"
"2027-03-31","7100","put","235.60000000000002","234.9","236.3"
"2027-03-31","7110","put","237.60000000000002","236.9","238.3"
"2027-03-31","7120","put","239.75","239.1","240.4"
"2027-03-31","7130","put","242.05","241.4","242.7"
"2027-03-31","7140","put","244.15","243.5","244.8"
"2027-03-31","7150","put","246.60000000000002","245.9","247.3"
"2027-03-31","7160","put","248.75","248.1","249.4"
"2027-03-31","7170","put","250.95","250.3","251.6"
"2027-03-31","7180","put","265.55","264.5","266.6"
"2027-03-31","7190","put","255.6","255","256.2"
"2027-03-31","7200","put","258.04999999999995","257.4","258.7"
"2027-03-31","7210","put","249.39999999999998","248.6","250.2"
"2027-03-31","7220","put","293.85","293.2","294.5"
"2027-03-31","7230","put","265.15","264.5","265.8"
"2027-03-31","7240","put","267.6","266.9","268.3"
"2027-03-31","7250","put","270.1","269.4","270.8"
"2027-03-31","7260","put","272.85","272.2","273.5"
"2027-03-31","7270","put","275.2","274.5","275.9"
"2027-03-31","7280","put","277.6","276.9","278.3"
"2027-03-31","7290","put","350.54999999999995","348.9","352.2"
"2027-03-31","7300","put","282.8","282.1","283.5"
"2027-03-31","7305","put","284.15","283.5","284.8"
"2027-03-31","7310","put","285.45000000000005","284.8","286.1"
"2027-03-31","7315","put","286.8","286.1","287.5"
"2027-03-31","7320","put","274.9","274.1","275.7"
"2027-03-31","7325","put","289.4","288.7","290.1"
"2027-03-31","7330","put","291","290.3","291.7"
"2027-03-31","7335","put","292.15","291.4","292.9"
"2027-03-31","7340","put","318.2","317.2","319.2"
"2027-03-31","7345","put","295.1","294.4","295.8"
"2027-03-31","7350","put","296.35","295.7","297"
"2027-03-31","7355","put","369.54999999999995","367.9","371.2"
"2027-03-31","7360","put","299.15","298.5","299.8"
"2027-03-31","7365","put","286.04999999999995","285.2","286.9"
"2027-03-31","7370","put","301.95000000000005","301.3","302.6"
"2027-03-31","7375","put","303.2","302.5","303.9"
"2027-03-31","7380","put","340.1","339.4","340.8"
"2027-03-31","7385","put","306.05","305.3","306.8"
"2027-03-31","7390","put","307.54999999999995","306.9","308.2"
"2027-03-31","7395","put","309.04999999999995","308.4","309.7"
"2027-03-31","7400","put","310.4","309.7","311.1"
"2027-03-31","7405","put","330.75","330.3","331.2"
"2027-03-31","7410","put","331.95","331.4","332.5"
"2027-03-31","7415","put","299.4","298.6","300.2"
"2027-03-31","7420","put","316.35","315.7","317"
"2027-03-31","7425","put","317.9","317.2","318.6"
"2027-03-31","7435","put","320.8","320.1","321.5"
"2027-03-31","7440","put","356.6","355.8","357.4"
"2027-03-31","7445","put","323.95000000000005","323.3","324.6"
"2027-03-31","7450","put","325.45000000000005","324.8","326.1"
"2027-03-31","7460","put","328.45","327.7","329.2"
"2027-03-31","7465","put","330","329.3","330.7"
"2027-03-31","7470","put","331.55","330.8","332.3"
"2027-03-31","7475","put","333.15","332.4","333.9"
"2027-03-31","7480","put","334.85","334.2","335.5"
"2027-03-31","7485","put","336.4","335.7","337.1"
"2027-03-31","7490","put","338","337.3","338.7"
"2027-03-31","7495","put","339.65","339","340.3"
"2027-03-31","7500","put","341.2","340.5","341.9"
"2027-03-31","7515","put","357.04999999999995","355.9","358.2"
"2027-03-31","7520","put","347.75","347","348.5"
"2027-03-31","7525","put","349.7","349","350.4"
"2027-03-31","7530","put","351.1","350.4","351.8"
"2027-03-31","7535","put","352.75","352","353.5"
"2027-03-31","7545","put","356.15","355.4","356.9"
"2027-03-31","7550","put","357.85","357.1","358.6"
"2027-03-31","7555","put","359.55","358.8","360.3"
"2027-03-31","7560","put","361.6","360.9","362.3"
"2027-03-31","7565","put","363.05","362.3","363.8"
"2027-03-31","7570","put","387.2","386.2","388.2"
"2027-03-31","7575","put","366.7","366","367.4"
"2027-03-31","7580","put","368.35","367.6","369.1"
"2027-03-31","7585","put","370.2","369.5","370.9"
"2027-03-31","7590","put","372.2","371.5","372.9"
"2027-03-31","7595","put","399.1","398.2","400"
"2027-03-31","7600","put","375.6","374.9","376.3"
"2027-03-31","7605","put","355.79999999999995","354.9","356.7"
"2027-03-31","7610","put","379.2","378.5","379.9"
"2027-03-31","7615","put","458","456.3","459.7"
"2027-03-31","7620","put","382.85","382.1","383.6"
"2027-03-31","7625","put","384.75","384","385.5"
"2027-03-31","7630","put","386.55","385.8","387.3"
"2027-03-31","7635","put","388.45","387.7","389.2"
"2027-03-31","7640","put","390.35","389.6","391.1"
"2027-03-31","7645","put","392.25","391.5","393"
"2027-03-31","7650","put","394.15","393.4","394.9"
"2027-03-31","7655","put","396.2","395.5","396.9"
"2027-03-31","7665","put","399.95","399.2","400.7"
"2027-03-31","7675","put","403.95","403.2","404.7"
"2027-03-31","7680","put","405.9","405.1","406.7"
"2027-03-31","7685","put","485.75","484","487.5"
"2027-03-31","7690","put","409.95","409.2","410.7"
"2027-03-31","7695","put","411.9","411.1","412.7"
"2027-03-31","7700","put","414.05","413.3","414.8"
"2027-03-31","7710","put","418.1","417.4","418.8"
"2027-03-31","7720","put","422.15","421.4","422.9"
"2027-03-31","7725","put","424.35","423.6","425.1"
"2027-03-31","7730","put","426.5","425.7","427.3"
"2027-03-31","7735","put","428.5","427.8","429.2"
"2027-03-31","7740","put","430.6","429.8","431.4"
"2027-03-31","7745","put","432.65","431.9","433.4"
"2027-03-31","7750","put","434.9","434.1","435.7"
"2027-03-31","7755","put","437","436.2","437.8"
"2027-03-31","7760","put","439.3","438.5","440.1"
"2027-03-31","7765","put","441.4","440.7","442.1"
"2027-03-31","7770","put","443.6","442.9","444.3"
"2027-03-31","7775","put","445.75","445","446.5"
"2027-03-31","7780","put","448","447.3","448.7"
"2027-03-31","7785","put","450.2","449.4","451"
"2027-03-31","7795","put","454.55","453.8","455.3"
"2027-03-31","7800","put","457","456.3","457.7"
"2027-03-31","7810","put","461.5","460.8","462.2"
"2027-03-31","7820","put","465.95","465.2","466.7"
"2027-03-31","7825","put","468.4","467.7","469.1"
"2027-03-31","7830","put","470.75","470","471.5"
"2027-03-31","7835","put","473.15","472.4","473.9"
"2027-03-31","7850","put","480.2","479.5","480.9"
"2027-03-31","7855","put","482.6","481.9","483.3"
"2027-03-31","7860","put","485","484.3","485.7"
"2027-03-31","7870","put","568.4000000000001","566.7","570.1"
"2027-03-31","7875","put","492.25","491.5","493"
"2027-03-31","7880","put","494.8","494","495.6"
"2027-03-31","7890","put","499.8","499.1","500.5"
"2027-03-31","7900","put","504.7","504","505.4"
"2027-03-31","7910","put","509.75","509","510.5"
"2027-03-31","7920","put","515","514.3","515.7"
"2027-03-31","7925","put","517.5","516.8","518.2"
"2027-03-31","7930","put","520.0999999999999","519.4","520.8"
"2027-03-31","7950","put","530.7","530","531.4"
"2027-03-31","7990","put","563.9","562.8","565"
"2027-06-30","5900","call","1857.6","1852.4","1862.8"
"2027-06-30","6000","call","1771.25","1765.8","1776.7"
"2027-06-30","6500","call","1351.4","1346.4","1356.4"
"2027-06-30","6550","call","1310.4499999999998","1305.8","1315.1"
"2027-06-30","6565","call","1299.85","1295.3","1304.4"
"2027-06-30","6580","call","1287.7","1283.2","1292.2"
"2027-06-30","6615","call","1259.6","1255.1","1264.1"
"2027-06-30","6735","call","1162.95","1158.5","1167.4"
"2027-06-30","6750","call","1151.25","1146.8","1155.7"
"2027-06-30","6765","call","1139.45","1135","1143.9"
"2027-06-30","6785","call","1123.9","1119.5","1128.3"
"2027-06-30","6800","call","1112.1999999999998","1107.8","1116.6"
"2027-06-30","6820","call","1097.25","1093","1101.5"
"2027-06-30","6900","call","1035.3","1031","1039.6"
"2027-06-30","6950","call","997.4000000000001","993.1","1001.7"
"2027-06-30","6970","call","982.35","978.1","986.6"
"2027-06-30","7000","call","960.55","956.3","964.8"
"2027-06-30","7075","call","904.35","900.2","908.5"
"2027-06-30","7080","call","901.35","897.1","905.6"
"2027-06-30","7090","call","894.15","889.9","898.4"
"2027-06-30","7100","call","886.45","882.6","890.3"
"2027-06-30","7125","call","869.15","865","873.3"
"2027-06-30","7130","call","865","860.8","869.2"
"2027-06-30","7150","call","851.0999999999999","850.3","851.9"
"2027-06-30","7200","call","815","814.2","815.8"
"2027-06-30","7250","call","779.6","775.6","783.6"
"2027-06-30","7260","call","772.85","772.1","773.6"
"2027-06-30","7270","call","765.75","764.9","766.6"
"2027-06-30","7300","call","744.9000000000001","744.1","745.7"
"2027-06-30","7350","call","710.5","709.7","711.3"
"2027-06-30","7360","call","703.7","702.9","704.5"
"2027-06-30","7375","call","693.5999999999999","692.8","694.4"
"2027-06-30","7380","call","690.2","689.4","691"
"2027-06-30","7400","call","676.75","676","677.5"
"2027-06-30","7425","call","660.15","659.3","661"
"2027-06-30","7430","call","656.85","656","657.7"
"2027-06-30","7440","call","650.0999999999999","649.3","650.9"
"2027-06-30","7445","call","646.8","646","647.6"
"2027-06-30","7450","call","643.55","642.7","644.4"
"2027-06-30","7455","call","640.3","639.5","641.1"
"2027-06-30","7460","call","637.05","636.2","637.9"
"2027-06-30","7475","call","627.25","626.5","628"
"2027-06-30","7480","call","623.9000000000001","623.1","624.7"
"2027-06-30","7485","call","621.0999999999999","617.4","624.8"
"2027-06-30","7490","call","617.4000000000001","616.6","618.2"
"2027-06-30","7500","call","611","610.2","611.8"
"2027-06-30","7505","call","607.8","606.9","608.7"
"2027-06-30","7520","call","598.15","597.3","599"
"2027-06-30","7525","call","594.95","594.1","595.8"
"2027-06-30","7530","call","591.85","591","592.7"
"2027-06-30","7535","call","588.45","587.6","589.3"
"2027-06-30","7540","call","585.5","584.7","586.3"
"2027-06-30","7545","call","582.25","581.4","583.1"
"2027-06-30","7550","call","579.0999999999999","578.3","579.9"
"2027-06-30","7560","call","572.9","569.4","576.4"
"2027-06-30","7575","call","563.45","562.6","564.3"
"2027-06-30","7580","call","560.35","559.5","561.2"
"2027-06-30","7590","call","554.1","553.2","555"
"2027-06-30","7600","call","547.9000000000001","547.1","548.7"
"2027-06-30","7625","call","532.5","531.7","533.3"
"2027-06-30","7650","call","517.4000000000001","516.6","518.2"
"2027-06-30","7675","call","502.4","501.6","503.2"
"2027-06-30","7700","call","487.7","486.9","488.5"
"2027-06-30","7750","call","458.8","458","459.6"
"2027-06-30","7775","call","444.85","444","445.7"
"2027-06-30","7800","call","430.9","430","431.8"
"2027-06-30","7825","call","417.20000000000005","416.3","418.1"
"2027-06-30","7850","call","403.4","402.6","404.2"
"2027-06-30","7855","call","401.04999999999995","400.2","401.9"
"2027-06-30","7860","call","398.4","397.5","399.3"
"2027-06-30","7865","call","395.4","394.6","396.2"
"2027-06-30","7875","call","390.25","389.4","391.1"
"2027-06-30","7885","call","385.15","384.3","386"
"2027-06-30","7895","call","380.04999999999995","379.2","380.9"
"2027-06-30","7900","call","377.45000000000005","376.6","378.3"
"2027-06-30","7915","call","369.7","368.9","370.5"
"2027-06-30","7920","call","367.1","366.3","367.9"
"2027-06-30","7925","call","364.65","363.8","365.5"
"2027-06-30","7950","call","352.1","351.3","352.9"
"2027-06-30","7955","call","349.5","348.7","350.3"
"2027-06-30","7960","call","347.05","346.3","347.8"
"2027-06-30","8000","call","327.75","326.9","328.6"
"2027-06-30","8025","call","315.95","315.2","316.7"
"2027-06-30","8050","call","304.35","303.6","305.1"
"2027-06-30","8075","call","293.25","292.4","294.1"
"2027-06-30","8090","call","286.45","285.7","287.2"
"2027-06-30","8100","call","282.1","281.3","282.9"
"2027-06-30","8125","call","271.5","270.7","272.3"
"2027-06-30","8130","call","269.4","268.6","270.2"
"2027-06-30","8135","call","267.2","266.4","268"
"2027-06-30","8140","call","265.05","264.3","265.8"
"2027-06-30","8150","call","261.04999999999995","260.2","261.9"
"2027-06-30","8170","call","252.75","252","253.5"
"2027-06-30","8175","call","250.60000000000002","249.8","251.4"
"2027-06-30","8180","call","248.65","247.9","249.4"
"2027-06-30","8190","call","244.89999999999998","244.1","245.7"
"2027-06-30","8200","call","240.85","240.1","241.6"
"2027-06-30","8225","call","231.39999999999998","230.6","232.2"
"2027-06-30","8250","call","222","221.2","222.8"
"2027-06-30","8275","call","213","212.2","213.8"
"2027-06-30","8300","call","204.2","203.5","204.9"
"2027-06-30","8325","call","195.75","195","196.5"
"2027-06-30","8350","call","187.55","186.8","188.3"
"2027-06-30","8375","call","179.5","178.8","180.2"
"2027-06-30","8400","call","172.05","171","173.1"
"2027-06-30","8425","call","164.65","163.9","165.4"
"2027-06-30","8450","call","157.55","156.9","158.2"
"2027-06-30","8475","call","150.65","150","151.3"
"2027-06-30","8500","call","144.05","143.3","144.8"
"2027-06-30","8525","call","137.5","136.8","138.2"
"2027-06-30","8550","call","131.5","130.6","132.4"
"2027-06-30","8575","call","125.7","125","126.4"
"2027-06-30","8600","call","120.05000000000001","119.4","120.7"
"2027-06-30","8625","call","114.6","114","115.2"
"2027-06-30","8650","call","109.3","108.6","110"
"2027-06-30","8675","call","104.35","103.7","105"
"2027-06-30","8700","call","99.55000000000001","98.9","100.2"
"2027-06-30","8725","call","94.9","94.3","95.5"
"2027-06-30","8750","call","90.44999999999999","89.8","91.1"
"2027-06-30","8755","call","89.6","89","90.2"
"2027-06-30","8765","call","87.9","87.3","88.5"
"2027-06-30","8775","call","86.1","85.4","86.8"
"2027-06-30","8780","call","85.4","84.8","86"
"2027-06-30","8795","call","82.75","82.1","83.4"
"2027-06-30","8800","call","82.15","81.5","82.8"
"2027-06-30","8815","call","79.75","79.1","80.4"
"2027-06-30","8820","call","78.85","78.2","79.5"
"2027-06-30","8840","call","75.80000000000001","75.2","76.4"
"2027-06-30","8850","call","74.45","73.9","75"
"2027-06-30","8855","call","73.6","73","74.2"
"2027-06-30","8860","call","73","72.4","73.6"
"2027-06-30","8875","call","70.9","70.3","71.5"
"2027-06-30","8880","call","70.19999999999999","69.6","70.8"
"2027-06-30","8900","call","67.45","66.9","68"
"2027-06-30","8915","call","65.4","64.8","66"
"2027-06-30","8925","call","64.1","63.5","64.7"
"2027-06-30","8945","call","61.55","61","62.1"
"2027-06-30","8950","call","60.9","60.3","61.5"
"2027-06-30","8975","call","58","57.5","58.5"
"2027-06-30","8980","call","57.349999999999994","56.8","57.9"
"2027-06-30","8990","call","56.25","55.7","56.8"
"2027-06-30","8995","call","55.7","55.2","56.2"
"2027-06-30","9000","call","55.05","54.5","55.6"
"2027-06-30","9015","call","53.45","53","53.9"
"2027-06-30","9050","call","49.75","49.3","50.2"
"2027-06-30","9100","call","44.849999999999994","44.4","45.3"
"2027-06-30","9125","call","42.650000000000006","42.2","43.1"
"2027-06-30","9150","call","40.45","40","40.9"
"2027-06-30","9175","call","38.45","38","38.9"
"2027-06-30","9200","call","36.4","36","36.8"
"2027-06-30","9225","call","34.7","34.3","35.1"
"2027-06-30","9250","call","32.9","32.5","33.3"
"2027-06-30","9275","call","31.15","30.8","31.5"
"2027-06-30","9300","call","29.549999999999997","29.2","29.9"
"2027-06-30","9400","call","24","23.7","24.3"
"2027-06-30","9600","call","15.9","15.7","16.1"
"2027-06-30","3000","put","13.899999999999999","13.7","14.1"
"2027-06-30","3200","put","16.35","16.1","16.6"
"2027-06-30","3400","put","19.05","18.8","19.3"
"2027-06-30","3600","put","22.15","21.9","22.4"
"2027-06-30","3800","put","25.6","25.3","25.9"
"2027-06-30","3900","put","27.5","27.2","27.8"
"2027-06-30","4000","put","29.45","29.2","29.7"
"2027-06-30","4100","put","31.6","31.3","31.9"
"2027-06-30","4300","put","36.3","36","36.6"
"2027-06-30","4400","put","38.95","38.6","39.3"
"2027-06-30","4500","put","41.7","41.3","42.1"
"2027-06-30","4600","put","44.65","44.3","45"
"2027-06-30","4700","put","47.849999999999994","47.4","48.3"
"2027-06-30","4800","put","51.4","51","51.8"
"2027-06-30","4900","put","55.150000000000006","54.7","55.6"
"2027-06-30","5000","put","59.25","58.8","59.7"
"2027-06-30","5100","put","63.65","63.2","64.1"
"2027-06-30","5200","put","68.5","68","69"
"2027-06-30","5250","put","71.05","70.6","71.5"
"2027-06-30","5300","put","75.45","75","75.9"
"2027-06-30","5350","put","76.5","76","77"
"2027-06-30","5400","put","79.3","78.8","79.8"
"2027-06-30","5450","put","82.35","81.8","82.9"
"2027-06-30","5500","put","85.55","85.1","86"
"2027-06-30","5550","put","88.8","88.3","89.3"
"2027-06-30","5600","put","92.2","91.7","92.7"
"2027-06-30","5650","put","95.7","95.2","96.2"
"2027-06-30","5700","put","99.4","98.9","99.9"
"2027-06-30","5750","put","103.3","102.8","103.8"
"2027-06-30","5800","put","107.3","106.8","107.8"
"2027-06-30","5850","put","111.6","111","112.2"
"2027-06-30","5900","put","115.85","115.3","116.4"
"2027-06-30","5950","put","120.45","119.9","121"
"2027-06-30","6000","put","125.19999999999999","124.6","125.8"
"2027-06-30","6050","put","130.1","129.5","130.7"
"2027-06-30","6100","put","135.25","134.6","135.9"
"2027-06-30","6150","put","140.6","140","141.2"
"2027-06-30","6200","put","146.25","145.7","146.8"
"2027-06-30","6250","put","152.05","151.5","152.6"
"2027-06-30","6300","put","158.25","157.7","158.8"
"2027-06-30","6400","put","170.95","170.3","171.6"
"2027-06-30","6450","put","177.75","177.1","178.4"
"2027-06-30","6485","put","182.8","182.2","183.4"
"2027-06-30","6495","put","184.15","183.5","184.8"
"2027-06-30","6500","put","185","184.3","185.7"
"2027-06-30","6525","put","188.55","187.9","189.2"
"2027-06-30","6535","put","190.1","189.5","190.7"
"2027-06-30","6550","put","192.3","191.7","192.9"
"2027-06-30","6565","put","194.55","193.9","195.2"
"2027-06-30","6575","put","196.2","195.5","196.9"
"2027-06-30","6580","put","196.85","196.2","197.5"
"2027-06-30","6585","put","197.60000000000002","196.9","198.3"
"2027-06-30","6595","put","199.3","198.6","200"
"2027-06-30","6600","put","199.95","199.3","200.6"
"2027-06-30","6605","put","200.8","200.2","201.4"
"2027-06-30","6610","put","201.5","200.8","202.2"
"2027-06-30","6635","put","205.5","204.8","206.2"
"2027-06-30","6645","put","207.10000000000002","206.4","207.8"
"2027-06-30","6650","put","207.89999999999998","207.2","208.6"
"2027-06-30","6670","put","211.2","210.6","211.8"
"2027-06-30","6675","put","212","211.4","212.6"
"2027-06-30","6680","put","212.85","212.2","213.5"
"2027-06-30","6690","put","214.5","213.8","215.2"
"2027-06-30","6695","put","215.45","214.8","216.1"
"2027-06-30","6700","put","216.2","215.5","216.9"
"2027-06-30","6705","put","217.05","216.4","217.7"
"2027-06-30","6710","put","217.89999999999998","217.2","218.6"
"2027-06-30","6725","put","220.5","219.8","221.2"
"2027-06-30","6745","put","223.95","223.3","224.6"
"2027-06-30","6750","put","224.75","224.1","225.4"
"2027-06-30","6770","put","228.45","227.8","229.1"
"2027-06-30","6800","put","233.75","233.1","234.4"
"2027-06-30","6810","put","235.55","234.9","236.2"
"2027-06-30","6820","put","237.45","236.7","238.2"
"2027-06-30","6825","put","238.39999999999998","237.7","239.1"
"2027-06-30","6830","put","239.45","238.7","240.2"
"2027-06-30","6835","put","240.35","239.7","241"
"2027-06-30","6860","put","244.95","244.3","245.6"
"2027-06-30","6880","put","248.85","248.2","249.5"
"2027-06-30","6900","put","252.75","252","253.5"
"2027-06-30","6910","put","254.8","254.1","255.5"
"2027-06-30","6925","put","257.8","257.1","258.5"
"2027-06-30","6930","put","258.75","258.1","259.4"
"2027-06-30","6940","put","260.75","260.1","261.4"
"2027-06-30","6950","put","262.8","262.1","263.5"
"2027-06-30","6960","put","264.85","264.2","265.5"
"2027-06-30","6970","put","266.95000000000005","266.3","267.6"
"2027-06-30","6975","put","267.95000000000005","267.3","268.6"
"2027-06-30","6980","put","269.15","268.4","269.9"
"2027-06-30","6990","put","271.1","270.4","271.8"
"2027-06-30","7000","put","273.2","272.5","273.9"
"2027-06-30","7040","put","281.85","281.1","282.6"
"2027-06-30","7050","put","284.2","283.5","284.9"
"2027-06-30","7060","put","286.4","285.7","287.1"
"2027-06-30","7070","put","288.7","288","289.4"
"2027-06-30","7075","put","289.75","289","290.5"
"2027-06-30","7090","put","293.2","292.5","293.9"
"2027-06-30","7100","put","295.25","294.5","296"
"2027-06-30","7110","put","297.55","296.8","298.3"
"2027-06-30","7120","put","299.95000000000005","299.3","300.6"
"2027-06-30","7125","put","301","300.3","301.7"
"2027-06-30","7130","put","302.15","301.4","302.9"
"2027-06-30","7140","put","304.65","303.9","305.4"
"2027-06-30","7150","put","306.85","306.1","307.6"
"2027-06-30","7160","put","309.4","308.7","310.1"
"2027-06-30","7170","put","311.8","311.1","312.5"
"2027-06-30","7175","put","313","312.3","313.7"
"2027-06-30","7180","put","314.05","313.3","314.8"
"2027-06-30","7200","put","318.95","318.2","319.7"
"2027-06-30","7225","put","325.2","324.4","326"
"2027-06-30","7250","put","331.55","330.8","332.3"
"2027-06-30","7255","put","332.85","332.1","333.6"
"2027-06-30","7265","put","335.4","334.6","336.2"
"2027-06-30","7270","put","336.7","335.9","337.5"
"2027-06-30","7275","put","338","337.2","338.8"
"2027-06-30","7280","put","339.45","338.7","340.2"
"2027-06-30","7300","put","344.65","343.9","345.4"
"2027-06-30","7305","put","346.1","345.4","346.8"
"2027-06-30","7310","put","347.3","346.5","348.1"
"2027-06-30","7315","put","348.75","348","349.5"
"2027-06-30","7320","put","350.1","349.3","350.9"
"2027-06-30","7325","put","351.35","350.6","352.1"
"2027-06-30","7350","put","358.2","357.4","359"
"2027-06-30","7360","put","361.1","360.4","361.8"
"2027-06-30","7365","put","362.55","361.8","363.3"
"2027-06-30","7380","put","366.65","365.9","367.4"
"2027-06-30","7385","put","368.2","367.5","368.9"
"2027-06-30","7390","put","369.6","368.9","370.3"
"2027-06-30","7395","put","371.2","370.5","371.9"
"2027-06-30","7400","put","372.5","371.8","373.2"
"2027-06-30","7410","put","375.35","374.6","376.1"
"2027-06-30","7425","put","379.85","379.1","380.6"
"2027-06-30","7430","put","381.4","380.6","382.2"
"2027-06-30","7435","put","382.95","382.2","383.7"
"2027-06-30","7440","put","384.2","383.4","385"
"2027-06-30","7445","put","385.95","385.2","386.7"
"2027-06-30","7450","put","387.15","386.4","387.9"
"2027-06-30","7455","put","388.7","387.9","389.5"
"2027-06-30","7460","put","390.2","389.4","391"
"2027-06-30","7465","put","391.85","391.1","392.6"
"2027-06-30","7470","put","393.45","392.7","394.2"
"2027-06-30","7475","put","395","394.2","395.8"
"2027-06-30","7480","put","396.35","395.6","397.1"
"2027-06-30","7485","put","398.15","397.4","398.9"
"2027-06-30","7490","put","399.45","398.7","400.2"
"2027-06-30","7495","put","400.95","400.2","401.7"
"2027-06-30","7500","put","402.6","401.8","403.4"
"2027-06-30","7505","put","404.25","403.5","405"
"2027-06-30","7510","put","405.85","405","406.7"
"2027-06-30","7515","put","407.4","406.6","408.2"
"2027-06-30","7520","put","409","408.2","409.8"
"2027-06-30","7525","put","410.6","409.8","411.4"
"2027-06-30","7530","put","412.15","411.4","412.9"
"2027-06-30","7535","put","413.85","413.1","414.6"
"2027-06-30","7540","put","415.35","414.6","416.1"
"2027-06-30","7545","put","417.2","416.4","418"
"2027-06-30","7550","put","418.7","417.9","419.5"
"2027-06-30","7560","put","422.05","421.3","422.8"
"2027-06-30","7570","put","425.35","424.6","426.1"
"2027-06-30","7575","put","427","426.2","427.8"
"2027-06-30","7580","put","428.54999999999995","427.7","429.4"
"2027-06-30","7600","put","435.75","435","436.5"
"2027-06-30","7625","put","444","443.2","444.8"
"2027-06-30","7650","put","452.95","452.2","453.7"
"2027-06-30","7675","put","461.95","461.2","462.7"
"2027-06-30","7700","put","471.25","470.5","472"
"2027-06-30","7725","put","480.6","479.9","481.3"
"2027-06-30","7750","put","490.3","489.5","491.1"
"2027-06-30","7775","put","500.15","499.4","500.9"
"2027-06-30","7800","put","510.15","509.4","510.9"
"2027-06-30","7825","put","520.5","519.7","521.3"
"2027-06-30","7850","put","530.95","530.2","531.7"
"2027-06-30","7860","put","535.25","534.5","536"
"2027-06-30","7865","put","537.35","536.6","538.1"
"2027-06-30","7875","put","541.65","540.9","542.4"
"2027-06-30","7900","put","552.7","551.9","553.5"
"2027-06-30","7925","put","563.75","562.9","564.6"
"2027-06-30","7950","put","575.3","574.5","576.1"
"2027-06-30","7975","put","610.55","609.9","611.2"
"2027-06-30","8000","put","598.95","598.2","599.7"
"2027-06-30","8020","put","608.5999999999999","607.8","609.4"
"2027-06-30","8025","put","664.3","663.5","665.1"
"2027-06-30","8050","put","673.5","672.5","674.5"
"2027-06-30","8075","put","691.5","690.8","692.2"
"2027-06-30","8150","put","733.75","732.7","734.8"
